Back to Contents,Data 1: U.S. Natural Gas Gross Withdrawals and Production,,,,,,,,,,
Sourcekey,N9010US2,N9011US2,N9012US2,NGM_EPG0_FGS_NUS_MMCF,NGM_EPG0_FGC_NUS_MMCF,N9020US2,N9040US2,N9030US2,N9050US2,N9060US2,N9070US2
Date,U.S. Natural Gas Gross Withdrawals (MMcf),U.S. Natural Gas Gross Withdrawals from Gas Wells (MMcf),U.S. Natural Gas Gross Withdrawals from Oil Wells (MMcf),U.S. Natural Gas Gross Withdrawals from Shale Gas (Million Cubic Feet),U.S. Natural Gas Gross Withdrawals from Coalbed Wells (MMcf),U.S. Natural Gas Repressuring (MMcf),U.S. Natural Gas Vented and Flared (MMcf),U.S. Nonhydrocarbon Gases Removed from Natural Gas (MMcf),U.S. Natural Gas Marketed Production (MMcf),U.S. Natural Gas Plant Liquids Production (Million Cubic Feet),U.S. Dry Natural Gas Production (MMcf)
Jan-1973,,,,,,,,,1948000,79000,
Feb-1973,,,,,,,,,1962000,79000,
Mar-1973,,,,,,,,,1907000,77000,
Apr-1973,,,,,,,,,1814000,73000,
May-1973,,,,,,,,,1898000,77000,
Jun-1973,,,,,,,,,1839000,74000,
Jul-1973,,,,,,,,,1880000,76000,
Aug-1973,,,,,,,,,1896000,77000,
Sep-1973,,,,,,,,,1840000,74000,
Oct-1973,,,,,,,,,1875000,76000,
Nov-1973,,,,,,,,,1863000,75000,
Dec-1973,,,,,,,,,1926000,78000,
Jan-1974,,,,,,,,,1930000,79000,
Feb-1974,,,,,,,,,1760000,72000,
Mar-1974,,,,,,,,,1895000,78000,
Apr-1974,,,,,,,,,1780000,73000,
May-1974,,,,,,,,,1847000,76000,
Jun-1974,,,,,,,,,1740000,71000,
Jul-1974,,,,,,,,,1818000,75000,
Aug-1974,,,,,,,,,1790000,74000,
Sep-1974,,,,,,,,,1755000,72000,
Oct-1974,,,,,,,,,1767000,73000,
Nov-1974,,,,,,,,,1729000,71000,
Dec-1974,,,,,,,,,1790000,74000,
Jan-1975,,,,,,,,,1779000,77000,
Feb-1975,,,,,,,,,1645000,71000,
Mar-1975,,,,,,,,,1738000,75000,
Apr-1975,,,,,,,,,1672000,73000,
May-1975,,,,,,,,,1689000,73000,
Jun-1975,,,,,,,,,1634000,71000,
Jul-1975,,,,,,,,,1677000,73000,
Aug-1975,,,,,,,,,1677000,73000,
Sep-1975,,,,,,,,,1603000,70000,
Oct-1975,,,,,,,,,1646000,71000,
Nov-1975,,,,,,,,,1618000,70000,
Dec-1975,,,,,,,,,1730000,75000,
Jan-1976,,,,,,,,,1751000,75000,
Feb-1976,,,,,,,,,1647000,71000,
Mar-1976,,,,,,,,,1714000,73000,
Apr-1976,,,,,,,,,1623000,69000,
May-1976,,,,,,,,,1673000,72000,
Jun-1976,,,,,,,,,1640000,70000,
Jul-1976,,,,,,,,,1676000,72000,
Aug-1976,,,,,,,,,1636000,70000,
Sep-1976,,,,,,,,,1565000,67000,
Oct-1976,,,,,,,,,1639000,70000,
Nov-1976,,,,,,,,,1636000,70000,
Dec-1976,,,,,,,,,1753000,75000,
Jan-1977,,,,,,,,,1740000,75000,
Feb-1977,,,,,,,,,1674000,72000,
Mar-1977,,,,,,,,,1751000,75000,
Apr-1977,,,,,,,,,1644000,71000,
May-1977,,,,,,,,,1692000,73000,
Jun-1977,,,,,,,,,1649000,71000,
Jul-1977,,,,,,,,,1674000,72000,
Aug-1977,,,,,,,,,1645000,71000,
Sep-1977,,,,,,,,,1599000,69000,
Oct-1977,,,,,,,,,1628000,70000,
Nov-1977,,,,,,,,,1606000,69000,
Dec-1977,,,,,,,,,1726000,74000,
Jan-1978,,,,,,,,,1743000,74000,
Feb-1978,,,,,,,,,1649000,70000,
Mar-1978,,,,,,,,,1748000,75000,
Apr-1978,,,,,,,,,1668000,71000,
May-1978,,,,,,,,,1664000,71000,
Jun-1978,,,,,,,,,1623000,69000,
Jul-1978,,,,,,,,,1693000,72000,
Aug-1978,,,,,,,,,1658000,71000,
Sep-1978,,,,,,,,,1576000,67000,
Oct-1978,,,,,,,,,1635000,70000,
Nov-1978,,,,,,,,,1607000,69000,
Dec-1978,,,,,,,,,1710000,73000,
Jan-1979,,,,,,,,,1772000,70000,
Feb-1979,,,,,,,,,1656000,65000,
Mar-1979,,,,,,,,,1755000,69000,
Apr-1979,,,,,,,,,1693000,67000,
May-1979,,,,,,,,,1716000,68000,
Jun-1979,,,,,,,,,1643000,65000,
Jul-1979,,,,,,,,,1662000,66000,
Aug-1979,,,,,,,,,1689000,67000,
Sep-1979,,,,,,,,,1635000,65000,
Oct-1979,,,,,,,,,1705000,67000,
Nov-1979,,,,,,,,,1724000,68000,
Dec-1979,,,,,,,,,1823000,72000,
Jan-1980,1960000,,,,,110000,12000,18000,1821000,70000,
Feb-1980,1840000,,,,,105000,10000,16000,1709000,66000,
Mar-1980,1971000,,,,,114000,10000,17000,1830000,70000,
Apr-1980,1806000,,,,,110000,10000,16000,1670000,64000,
May-1980,1840000,,,,,118000,11000,17000,1695000,65000,
Jun-1980,1725000,,,,,114000,9000,16000,1586000,61000,
Jul-1980,1756000,,,,,114000,9000,17000,1616000,62000,
Aug-1980,1716000,,,,,114000,10000,17000,1576000,61000,
Sep-1980,1723000,,,,,115000,12000,17000,1579000,61000,
Oct-1980,1790000,,,,,118000,10000,15000,1648000,63000,
Nov-1980,1790000,,,,,112000,10000,17000,1652000,64000,
Dec-1980,1949000,,,,,122000,11000,18000,1798000,69000,
Jan-1981,1890000,,,,,108000,10000,20000,1752000,68000,
Feb-1981,1702000,,,,,101000,10000,18000,1573000,61000,
Mar-1981,1871000,,,,,109000,9000,18000,1735000,67000,
Apr-1981,1808000,,,,,108000,8000,18000,1674000,65000,
May-1981,1838000,,,,,115000,7000,18000,1698000,66000,
Jun-1981,1770000,,,,,109000,8000,19000,1634000,63000,
Jul-1981,1797000,,,,,106000,9000,20000,1663000,65000,
Aug-1981,1841000,,,,,108000,10000,18000,1705000,66000,
Sep-1981,1716000,,,,,114000,7000,18000,1577000,61000,
Oct-1981,1781000,,,,,113000,7000,18000,1643000,64000,
Nov-1981,1714000,,,,,108000,6000,17000,1583000,61000,
Dec-1981,1860000,,,,,114000,8000,20000,1718000,67000,
Jan-1982,1870000,,,,,108000,9000,19000,1733813,71000,
Feb-1982,1716000,,,,,101000,8000,18000,1589337,65000,
Mar-1982,1822000,,,,,115000,7000,19000,1680631,69000,
Apr-1982,1719000,,,,,108000,7000,18000,1586327,65000,
May-1982,1698000,,,,,117000,7000,17000,1557228,64000,
Jun-1982,1647000,,,,,114000,7000,16000,1510067,62000,
Jul-1982,1672000,,,,,119000,7000,15000,1531139,63000,
Aug-1982,1643000,,,,,120000,8000,18000,1497022,61000,
Sep-1982,1574000,,,,,116000,6000,16000,1435813,59000,
Oct-1982,1615000,,,,,126000,8000,16000,1464912,60000,
Nov-1982,1627000,,,,,119000,9000,18000,1480967,61000,
Dec-1982,1669000,,,,,125000,10000,19000,1515084,62000,
Jan-1983,1748117,,,,,125005,6997,19994,1596121,71966,
Feb-1983,1521467,,,,,111004,6997,16995,1386471,63970,
Mar-1983,1577466,,,,,125005,7997,17995,1426469,65969,
Apr-1983,1542366,,,,,123005,7997,15995,1395369,61971,
May-1983,1532055,,,,,114004,8996,16995,1392060,61971,
Jun-1983,1495326,,,,,121004,6997,18995,1348330,59972,
Jul-1983,1551881,,,,,128005,7997,17995,1397885,62971,
Aug-1983,1532451,,,,,127005,7997,19994,1377455,65969,
Sep-1983,1462650,,,,,123005,7997,18995,1312654,63970,
Oct-1983,1531355,,,,,125005,7997,17995,1380359,67968,
Nov-1983,1521775,,,,,117004,8996,18995,1376780,67968,
Dec-1983,1642136,,,,,119004,7997,20994,1494141,74965,
Jan-1984,1895481,,,,,135095,8993,21011,1730382,79082,
Feb-1984,1655189,,,,,127090,7994,17009,1503097,69071,
Mar-1984,1699551,,,,,125088,8993,19010,1546460,71073,
Apr-1984,1671840,,,,,132093,8993,18009,1512744,69072,
May-1984,1675256,,,,,138098,8993,19010,1509156,69071,
Jun-1984,1623846,,,,,135095,8993,18009,1461748,67069,
Jul-1984,1682570,,,,,137097,9992,20011,1515471,69072,
Aug-1984,1658423,,,,,137097,8993,19010,1493323,68071,
Sep-1984,1580166,,,,,132093,8993,16008,1423071,65067,
Oct-1984,1667575,,,,,143101,8993,19010,1496471,69071,
Nov-1984,1661692,,,,,142100,9992,17009,1492591,68071,
Dec-1984,1794932,,,,,146103,7994,21011,1619824,74077,
Jan-1985,1833462,,,,,154016,8066,28955,1642424,77225,
Feb-1985,1672775,,,,,148015,7058,25960,1491742,70205,
Mar-1985,1689944,,,,,165017,7058,27957,1489912,71205,
Apr-1985,1601171,,,,,163017,8066,26958,1403129,66193,
May-1985,1585096,,,,,161017,8066,26958,1389055,66191,
Jun-1985,1526158,,,,,154016,8066,22965,1341112,63184,
Jul-1985,1570088,,,,,161017,8066,26958,1374047,65189,
Aug-1985,1559116,,,,,153016,8066,26958,1371076,65188,
Sep-1985,1536110,,,,,159016,8066,24962,1344066,64185,
Oct-1985,1594820,,,,,160016,8066,26958,1399778,66192,
Nov-1985,1605066,,,,,164017,8066,28955,1404027,66193,
Dec-1985,1832894,,,,,173018,8066,31951,1619859,75222,
Jan-1986,1822072,,,,,162960,8966,29248,1620898,76389,
Feb-1986,1590678,,,,,149963,7970,26222,1406522,67470,
Mar-1986,1697033,,,,,166959,7970,29248,1492857,71437,
Apr-1986,1532501,,,,,154962,7970,28239,1341330,64494,
May-1986,1559058,,,,,157961,7970,26222,1366904,65485,
Jun-1986,1488517,,,,,144965,7970,28239,1307343,62507,
Jul-1986,1530478,,,,,144965,7970,28239,1349304,64491,
Aug-1986,1531488,,,,,141965,7970,29248,1352305,67490,
Sep-1986,1449958,,,,,132968,6974,25213,1284803,62516,
Oct-1986,1549075,,,,,156962,7970,25213,1358930,64488,
Nov-1986,1635610,,,,,161961,8966,29248,1435435,62459,
Dec-1986,1744243,,,,,160961,8966,32273,1542043,70419,
Jan-1987,1830364,,,,,171043,12866,34094,1612362,73751,
Feb-1987,1648472,,,,,158040,8907,32088,1449437,66777,
Mar-1987,1745201,,,,,171043,9897,34094,1530167,69764,
Apr-1987,1646758,,,,,179045,9897,30083,1427734,66781,
May-1987,1641199,,,,,190048,9897,30083,1411172,65783,
Jun-1987,1575395,,,,,186047,8907,29080,1351361,62792,
Jul-1987,1592419,,,,,183046,11876,26072,1371426,64790,
Aug-1987,1617677,,,,,179045,10886,32088,1395657,65786,
Sep-1987,1546332,,,,,177045,9897,28077,1331313,62796,
Oct-1987,1691308,,,,,200051,9897,35096,1446264,66777,
Nov-1987,1730252,,,,,201051,8907,30083,1490212,69771,
Dec-1987,1874822,,,,,212054,11876,35096,1615796,76752,
Jan-1988,1931603,,,,,216033,11877,39990,1663703,75893,
Feb-1988,1758595,,,,,196030,11877,35991,1514696,68902,
Mar-1988,1833049,,,,,201031,11877,39990,1580151,71898,
Apr-1988,1690503,,,,,193030,11877,38990,1446606,65907,
May-1988,1730340,,,,,204031,11877,32992,1481440,67904,
Jun-1988,1660533,,,,,202031,11877,38990,1407635,63909,
Jul-1988,1680284,,,,,204031,12867,36991,1426395,64908,
Aug-1988,1697417,,,,,203031,11877,35991,1446517,65907,
Sep-1988,1614511,,,,,200031,11877,37990,1364613,61912,
Oct-1988,1753272,,,,,217033,11877,41989,1482372,66904,
Nov-1988,1777887,,,,,217033,11877,37990,1510986,68903,
Dec-1988,1871261,,,,,225035,10887,41989,1593349,72897,
Jan-1989,1871079,,,,,219016,10896,34137,1607030,69956,
Feb-1989,1717410,,,,,193014,10896,29117,1484383,63959,
Mar-1989,1814437,,,,,197014,12877,31125,1573421,67957,
Apr-1989,1742633,,,,,203015,11886,29117,1498615,64959,
May-1989,1775667,,,,,214015,11886,31125,1518640,65958,
Jun-1989,1688471,,,,,192014,11886,28113,1456458,62960,
Jul-1989,1725453,,,,,199014,11886,30121,1484431,63959,
Aug-1989,1720256,,,,,207015,11886,28113,1473242,62960,
Sep-1989,1649263,,,,,207015,11886,28113,1402249,59962,
Oct-1989,1724142,,,,,211015,11886,29117,1472124,63959,
Nov-1989,1789778,,,,,214015,11886,31125,1532751,65958,
Dec-1989,1855838,,,,,219016,11886,33133,1591803,71954,
Jan-1990,1938977,,,,,210844,14600,25128,1688405,71222,
Feb-1990,1719684,,,,,183172,10225,22161,1504126,63446,
Mar-1990,1841822,,,,,211045,11439,23782,1595556,67309,
Apr-1990,1752771,,,,,205542,11096,23776,1512357,63584,
May-1990,1781076,,,,,212850,13027,25630,1529569,64522,
Jun-1990,1712084,,,,,191307,9336,24077,1487364,62741,
Jul-1990,1757476,,,,,207000,12503,25534,1512439,63793,
Aug-1990,1764953,,,,,207319,14187,25201,1518246,64038,
Sep-1990,1690802,,,,,199390,12921,24139,1454351,61352,
Oct-1990,1841740,,,,,223918,13328,22953,1581541,66714,
Nov-1990,1825816,,,,,211171,13288,22677,1578680,66590,
Dec-1990,1895421,,,,,225482,14465,24316,1631158,68807,
Jan-1991,1956947,1482053,475614,,,234854,11200,22854,1685587,75926,
Feb-1991,1737959,,,,,220881,11517,22134,1483427,66808,
Mar-1991,1889228,,,,,245029,13235,24092,1606874,72368,
Apr-1991,1799742,,,,,233661,13665,21149,1531264,68963,
May-1991,1786338,,,,,226951,14992,22586,1521809,68537,
Jun-1991,1712514,,,,,226411,13935,21622,1450544,65327,
Jul-1991,1740174,,,,,236454,15545,23217,1464959,65977,
Aug-1991,1740663,,,,,231056,15281,23470,1470857,66242,
Sep-1991,1715762,,,,,213928,14027,23831,1463974,65932,
Oct-1991,1863592,1363737,500196,,,244944,15033,23220,1580397,71176,
Nov-1991,1864008,,,,,225981,15082,23189,1599756,72047,
Dec-1991,1942461,,,,,231265,14686,23808,1672701,75333,
Jan-1992,1952053,,,,,250689,14205,24048,1663111,77495,
Feb-1992,1747923,,,,,246656,12656,21878,1466733,68345,
Mar-1992,1837330,,,,,254267,13584,22192,1547288,72098,
Apr-1992,1801298,,,,,246413,12893,23886,1518106,70738,
May-1992,1841543,,,,,248402,12085,23904,1557151,72558,
Jun-1992,1799501,,,,,246283,14800,23435,1514984,70593,
Jul-1992,1841528,,,,,237796,15863,24167,1563702,72863,
Aug-1992,1798984,,,,,237441,15109,24151,1522282,70933,
Sep-1992,1786200,,,,,242387,15102,21051,1507660,70252,
Oct-1992,1898912,,,,,253353,13468,24523,1607569,74907,
Nov-1992,1871098,,,,,246231,13922,23394,1587552,73974,
Dec-1992,1955878,,,,,262634,13832,23742,1655671,77148,
Jan-1993,1965166,1452098,513068,,,263515,18757,35169,1647725,76949,
Feb-1993,1767708,1305490,462218,,,236292,19453,31140,1480823,69154,
Mar-1993,1943064,1420719,522345,,,264052,17977,34905,1626129,75940,
Apr-1993,1842904,1349960,492944,,,248158,19009,33451,1542286,72025,
May-1993,1878769,1374045,504724,,,256197,20021,34566,1567985,73225,
Jun-1993,1794868,1316448,478420,,,230180,22107,27411,1515170,70758,
Jul-1993,1850299,1374565,475734,,,247098,19512,36090,1547598,72273,
Aug-1993,1871405,1374824,496581,,,252290,15803,36960,1566351,73149,
Sep-1993,1832337,1352121,480216,,,243702,18378,34646,1535610,71713,
Oct-1993,1950320,1424561,525759,,,274045,19266,36482,1620526,75679,
Nov-1993,1965775,1435581,530194,,,286664,17369,36454,1625288,75901,
Dec-1993,2063028,1510727,552302,,,300820,19089,36697,1706422,79690,
Jan-1994,2022627,1487815,534812,,,276959,19228,35670,1690770,76219,
Feb-1994,1815466,1341637,473830,,,248597,19470,32331,1515069,68299,
Mar-1994,2028595,1489504,539091,,,277907,19042,35461,1696185,76464,
Apr-1994,1924133,1422603,501530,,,259038,18367,34741,1611987,72668,
May-1994,1983962,1466838,517124,,,263758,18270,33407,1668527,75217,
Jun-1994,1881268,1394919,486349,,,240031,21125,27926,1592186,71775,
Jul-1994,1942942,1449773,493169,,,240793,19132,33470,1649547,74361,
Aug-1994,1970795,1457931,512864,,,261297,18154,34679,1656664,74682,
Sep-1994,1877710,1379647,498064,,,250453,19517,34922,1572818,70902,
Oct-1994,1981888,1437632,544256,,,292221,19043,36945,1633678,73646,
Nov-1994,2035684,1482072,553612,,,302160,18073,35875,1679577,75715,
Dec-1994,2115634,1540690,574944,,,317453,18914,36752,1742516,78552,
Jan-1995,2043131,1487207,555925,,,311393,21444,33651,1676643,78028,
Feb-1995,1821998,1324526,497471,,,276414,20230,29969,1495384,69592,
Mar-1995,2025808,1465860,559948,,,313785,20013,32317,1659694,77239,
Apr-1995,1944500,1419248,525252,,,286864,21011,32463,1604162,74655,
May-1995,1996735,1461017,535718,,,291395,24045,32608,1648688,76727,
Jun-1995,1910423,1404089,506335,,,264020,27956,31452,1586994,73856,
Jul-1995,1960252,1447888,512364,,,263637,26315,30826,1639474,76298,
Aug-1995,1964637,1435325,529312,,,283828,22339,30257,1628213,75774,
Sep-1995,1914391,1400318,514072,,,275783,24856,32895,1580857,73570,
Oct-1995,1988496,1431457,557039,,,319130,25107,34003,1610256,74938,
Nov-1995,2045375,1474766,570609,,,330814,24143,33429,1656989,77113,
Dec-1995,2127881,1530330,597551,,,347961,26281,34522,1719118,80005,
Jan-1996,2049073,1499471,549602,,,310079,25783,43605,1669604,80747,
Feb-1996,1937875,1418460,519415,,,294443,24250,41436,1577744,76304,
Mar-1996,2051442,1497139,554302,,,313026,22649,44849,1670916,80810,
Apr-1996,2000697,1477216,523481,,,289043,22434,42376,1646842,79646,
May-1996,2022455,1509627,512828,,,280861,23028,41981,1676585,81085,
Jun-1996,1959001,1445965,513036,,,275726,15764,35961,1631550,78907,
Jul-1996,2007073,1492362,514711,,,270700,23859,41914,1670599,80795,
Aug-1996,2025372,1500437,524935,,,280702,23538,45487,1675645,81039,
Sep-1996,1966704,1443804,522900,,,283518,21908,43590,1617688,78236,
Oct-1996,2030248,1480154,550094,,,306382,23059,43730,1657074,80141,
Nov-1996,2008920,1470322,538598,,,299088,22836,47109,1639885,79310,
Dec-1996,2054700,1502402,552299,,,307185,23008,46387,1678109,81158,
Jan-1997,2080127,1545720,543073,,,305119,24556,50035,1700410,82487,1617923
Feb-1997,1897202,1397900,507247,,,288542,21816,46193,1540644,74737,1465907
Mar-1997,2094342,1546405,556727,,,310462,22643,50645,1710583,82980,1627602
Apr-1997,1984535,1473932,519078,,,284880,21622,47669,1630357,79089,1551268
May-1997,2032294,1525001,516017,,,267548,21728,50378,1692637,82110,1610527
Jun-1997,1943561,1440794,511316,,,275241,18500,46728,1603091,77766,1525325
Jul-1997,2011169,1504999,514868,,,271603,22961,51294,1665310,80784,1584526
Aug-1997,2013271,1500784,521293,,,278954,20576,51590,1662151,80631,1581520
Sep-1997,1979180,1467467,520299,,,284740,20898,49570,1623973,78779,1545194
Oct-1997,2056810,1503523,553287,,,307239,20085,50945,1678542,81426,1597116
Nov-1997,1999185,1455568,543617,,,302308,19095,51838,1625944,78875,1547069
Dec-1997,2043797,1481988,561810,,,314388,21872,51806,1655732,80320,1575412
Jan-1998,2103350,1543944,559406,,,302223,8754,51711,1740662,81776,1658885
Feb-1998,1890587,1375574,515014,,,285507,7632,48079,1549369,72789,1476580
Mar-1998,2097816,1536229,561586,,,308168,7875,52177,1729596,81256,1648339
Apr-1998,2009141,1482841,526301,,,282175,8107,48694,1670166,78464,1591701
May-1998,2053427,1532317,521109,,,264498,9112,47914,1731903,81365,1650538
Jun-1998,1988362,1469772,518589,,,269894,7932,50397,1660137,77993,1582144
Jul-1998,2017746,1499489,518257,,,264925,9683,52317,1690820,79435,1611386
Aug-1998,2037306,1511626,525680,,,271655,9543,53528,1702581,79987,1622594
Sep-1998,1883936,1377167,506768,,,277523,9300,51499,1545614,72613,1473001
Oct-1998,2029621,1487808,541813,,,299797,8627,53402,1667795,78353,1589442
Nov-1998,1972556,1437187,535369,,,294838,7971,53855,1615892,75915,1539977
Dec-1998,2024280,1474565,549715,,,305843,8482,53142,1656813,77837,1578976
Jan-1999,2065702,1519828,545874,,,293842,10645,51936,1709279,83943,1625336
Feb-1999,1873657,1371577,502081,,,277036,9233,46600,1540789,75668,1465120
Mar-1999,2064381,1516696,547685,,,297359,9297,52067,1705658,83765,1621893
Apr-1999,1959557,1448589,510967,,,271790,9769,48477,1629521,80026,1549496
May-1999,1975317,1471196,504122,,,252704,10487,51973,1660154,81530,1578623
Jun-1999,1937399,1440555,496844,,,259876,9045,47901,1620577,79587,1540990
Jul-1999,1982772,1480127,502645,,,252617,9196,53323,1667637,81898,1585739
Aug-1999,1986161,1476939,509222,,,261272,8425,52379,1664085,81723,1582361
Sep-1999,1936842,1428504,508338,,,265835,9455,50889,1610663,79100,1531563
Oct-1999,2017247,1480719,536528,,,285755,8931,53481,1669079,81968,1587111
Nov-1999,1982844,1456680,526164,,,281877,7519,52635,1640813,80580,1560232
Dec-1999,2040832,1498776,542056,,,292600,8281,53355,1686596,82829,1603767
Jan-2000,2055436,1500689,554747,,,297772,6987,42041,1708636,85910,1622726
Feb-2000,1908564,1386089,522475,,,284711,9132,40914,1573807,79131,1494676
Mar-2000,2075453,1509267,566186,,,302532,6725,43892,1722304,86597,1635707
Apr-2000,1957991,1430754,527238,,,278070,8616,42832,1628474,81880,1546594
May-2000,2001347,1482754,518594,,,259433,7049,43049,1691817,85065,1606752
Jun-2000,1964009,1447790,516219,,,263003,7413,42217,1651376,83031,1568345
Jul-2000,2017945,1494463,523481,,,258687,10021,43394,1705843,85770,1620073
Aug-2000,2038022,1504043,533980,,,269529,6841,42914,1718738,86418,1632320
Sep-2000,1987026,1457946,529080,,,274129,7242,42429,1663224,83627,1579598
Oct-2000,2097748,1537320,560428,,,297184,7821,42765,1749979,87989,1661990
Nov-2000,1999721,1459173,540548,,,292899,6903,35077,1664842,83708,1581133
Dec-2000,2070613,1524111,554845,,,301711,6482,43949,1718470,86405,1632066
Jan-2001,2096948,1546300,550648,,,294944,9285,39487,1753237,81309,1671928
Feb-2001,1910051,1403555,506496,,,282706,6979,37807,1582557,73394,1509163
Mar-2001,2116381,1563329,553051,,,300480,7675,41472,1766754,81936,1684817
Apr-2001,2028145,1502213,525932,,,277559,8736,38538,1703310,78994,1624316
May-2001,2070749,1553485,517264,,,259780,8523,39302,1763141,81769,1681372
Jun-2001,1993266,1479003,514263,,,264880,7797,35021,1685568,78171,1607397
Jul-2001,2041970,1527743,514227,,,255353,7775,41659,1737185,80565,1656620
Aug-2001,2056737,1537215,519522,,,270407,8596,40447,1737283,80570,1656714
Sep-2001,2009185,1487642,521543,,,274060,8218,38222,1688682,78316,1610366
Oct-2001,2097034,1543334,553700,,,295187,8053,36399,1757397,81502,1675894
Nov-2001,2006035,1465831,540204,,,291512,7803,35341,1671377,77513,1593864
Dec-2001,2074278,1519758,554521,,,303963,7472,39044,1723803,79944,1643859
Jan-2002,2057728,1520193,537535,,0,305492,8557,42936,1700744,81851,1618892
Feb-2002,1858737,1368103,490635,,0,289489,7298,39033,1522916,73293,1449623
Mar-2002,2061811,1526142,535668,,0,307574,8483,44297,1701456,81886,1619570
Apr-2002,1978245,1474364,503881,,0,283805,7703,42545,1644193,79130,1565063
May-2002,2027979,1530867,497113,,0,264249,8425,44064,1711242,82357,1628885
Jun-2002,1969276,1473359,495917,,0,270075,8007,42627,1648568,79340,1569228
Jul-2002,2036905,1538781,498124,,0,265952,8219,43546,1719187,82739,1636448
Aug-2002,2018574,1516307,502267,,0,281466,9026,43742,1684340,81062,1603278
Sep-2002,1922715,1424105,498610,,0,278559,7863,43324,1592968,76665,1516304
Oct-2002,1976488,1457092,519395,,0,301723,7592,36927,1630246,78459,1551787
Nov-2002,1979436,1456391,523045,,0,297759,8225,39206,1634246,78651,1555595
Dec-2002,2053385,1509154,544230,,0,309002,9781,39928,1694674,81559,1613115
Jan-2003,2056766,1506749,550017,,15668,312663,8748,44672,1690682,74131,1616551
Feb-2003,1880691,1371901,508789,,14407,295078,7713,40790,1537109,67398,1469711
Mar-2003,2104114,1554621,549492,,16011,311839,9114,43920,1739241,76260,1662980
Apr-2003,2007565,1494461,513104,,15530,290170,8731,43334,1665329,73020,1592310
May-2003,2016922,1519868,497053,,16100,274284,8978,33199,1700460,74560,1625900
Jun-2003,1970130,1472112,498018,,15615,278902,8384,36154,1646690,72202,1574488
Jul-2003,1991705,1496631,495074,,15492,274855,7431,42238,1667181,73101,1594080
Aug-2003,2033633,1522279,511355,,16355,282283,8030,42264,1701056,74586,1626469
Sep-2003,1976511,1464096,512415,,15675,287869,7947,41870,1638825,71858,1566968
Oct-2003,2057161,1520182,536979,,16251,312167,7977,42421,1694596,74303,1620293
Nov-2003,1977961,1456967,520994,,15409,308053,7353,42471,1620085,71036,1549049
Dec-2003,2045819,1501934,543885,,16234,319617,7706,45390,1673106,73361,1599746
Jan-2004,2062805,1532749,530055,,103412,325688,7759,54960,1674398,79493,1594905
Feb-2004,1920843,1418026,502817,,96020,310528,7030,51828,1551457,73656,1477801
Mar-2004,2076537,1538681,537855,,102826,329049,7921,54393,1685174,80004,1605170
Apr-2004,1995315,1494374,500941,,99998,305294,8001,52800,1629220,77348,1551873
May-2004,2001333,1514712,486621,,101820,284773,7371,54980,1654209,78534,1575675
Jun-2004,1965797,1478979,486818,,99493,284786,8062,53853,1619097,76867,1542230
Jul-2004,2019157,1527786,491371,,102088,286719,8474,55474,1668490,79212,1589277
Aug-2004,2016570,1512791,503779,,101290,297302,7971,57205,1654093,78529,1575564
Sep-2004,1909243,1424864,484379,,100274,298501,8037,52329,1550376,73605,1476771
Oct-2004,2009174,1493725,515448,,103562,324678,8800,55273,1620423,76930,1543492
Nov-2004,1969226,1457249,511978,,100896,321570,9015,54922,1583720,75188,1508532
Dec-2004,2023680,1491312,532368,,104428,332768,7970,56108,1626834,77235,1549599
Jan-2005,2035036,1505374,529662,,105412,327700,11040,63611,1632685,75608,1557077
Feb-2005,1870546,1373818,496728,,93909,311210,8965,52091,1498281,69384,1428897
Mar-2005,2080504,1537205,543299,,101491,326558,9417,57182,1687347,78140,1609208
Apr-2005,1979474,1476787,502687,,100883,300895,8671,55294,1614614,74771,1539843
May-2005,2010625,1519640,490985,,104947,287611,10253,60681,1652081,76506,1575574
Jun-2005,1972975,1480651,492323,,101329,292184,10384,58663,1611743,74638,1537105
Jul-2005,1984143,1500786,483357,,103312,286277,10437,60002,1627427,75365,1552062
Aug-2005,1988105,1495336,492769,,104711,297458,10049,61184,1619414,74994,1544420
Sep-2005,1766603,1309037,457566,,101873,297857,9728,58077,1400941,64876,1336065
Oct-2005,1871190,1384951,486239,,105768,324528,10197,60843,1475622,68335,1407287
Nov-2005,1901758,1409999,491759,,101744,316312,9510,61529,1514407,70131,1444276
Dec-2005,1995862,1478263,517600,,99563,330946,10445,61938,1592533,73749,1518785
Jan-2006,1975168,1494607,480560,,110793,290657,9851,63660,1611000,75204,1535797
Feb-2006,1794241,1350470,443771,,100774,275714,9479,58066,1450983,67734,1383249
Mar-2006,1994464,1509581,484884,,112090,290913,10389,61779,1631383,76155,1555228
Apr-2006,1908987,1458547,450440,,106589,268139,10366,59936,1570546,73315,1497231
May-2006,1956520,1518803,437717,,111150,252797,10459,61125,1632139,76190,1555948
Jun-2006,1938796,1493807,444989,,107101,255795,11433,57506,1614061,75346,1538715
Jul-2006,1975235,1530932,444303,,110362,250093,11821,63008,1650313,77039,1573274
Aug-2006,1989430,1531447,457983,,111137,260969,9951,62477,1656034,77306,1578728
Sep-2006,1946109,1491023,455087,,107031,263013,11080,54575,1617442,75504,1541937
Oct-2006,2025782,1545414,480368,,111326,280736,12225,57434,1675387,78209,1597178
Nov-2006,1974331,1504834,469498,,107158,283026,11291,64692,1615322,75405,1539917
Dec-2006,2055955,1566091,489865,,108980,293079,11124,66688,1685065,78661,1606404
Jan-2007,2042882,1208647,495368,169026,169842,323929,11165,55318,1652470,76119,1576351
Feb-2007,1878003,1109144,462784,152669,153405,305232,10473,48838,1513461,69716,1443745
Mar-2007,2094555,1256526,499160,169026,169842,323291,12849,55329,1703085,78451,1624634
Apr-2007,1994942,1197836,469170,163574,164363,302337,12923,53009,1626673,74931,1551743
May-2007,2066642,1273889,453886,169026,169842,280878,12070,51144,1722549,79347,1643202
Jun-2007,2019862,1237733,454192,163574,164363,287517,12445,53434,1666465,76764,1589702
Jul-2007,2053286,1261842,452576,169026,169842,282080,13195,54774,1703237,78458,1624779
Aug-2007,2076235,1272772,464595,169026,169842,295104,12145,56214,1712771,78897,1633875
Sep-2007,2040241,1251805,460499,163574,164363,297338,11480,56678,1674745,77145,1597600
Oct-2007,2122193,1291776,491550,169026,169842,320566,11034,57219,1733373,79846,1653527
Nov-2007,2098602,1289592,481074,163574,164363,316308,11794,58186,1712314,78876,1633438
Dec-2007,2176213,1340328,497017,169026,169842,328104,11883,61023,1775203,81773,1693431
Jan-2008,2155041,1252450,488226,243084,171282,317534,12599,59461,1765447,79730,1685717
Feb-2008,2043801,1194793,461375,227401,160231,307865,13663,56178,1666095,75243,1590851
Mar-2008,2204088,1297482,492241,243084,171282,325325,13094,61605,1804065,81474,1722591
Apr-2008,2112605,1244781,466825,235243,165756,301479,12626,58271,1740229,78591,1661637
May-2008,2153316,1289355,449596,243084,171282,285483,12449,57467,1797917,81197,1716720
Jun-2008,2118791,1266631,451160,235243,165756,285764,13391,58638,1760998,79529,1681469
Jul-2008,2205260,1332342,458553,243084,171282,277253,14161,61122,1852724,83672,1769052
Aug-2008,2193566,1312278,466922,243084,171282,291467,14281,61426,1826392,82483,1743909
Sep-2008,1919520,1099286,419234,235243,165756,291921,14736,53835,1559028,70408,1488620
Oct-2008,2153389,1267363,471660,243084,171282,317142,15794,66201,1754251,79225,1675027
Nov-2008,2149851,1267551,481302,235243,165756,314782,14402,62725,1757942,79391,1678551
Dec-2008,2227028,1310331,502331,243084,171282,322606,15712,61745,1826966,82508,1744458
Jan-2009,2251938,1251742,493283,336186,170727,305527,14361,61585,1870465,88485,1781981
Feb-2009,2074167,1155107,461204,303652,154205,296433,12991,59824,1704919,80653,1624266
Mar-2009,2262488,1253396,502179,336186,170727,313719,14202,59513,1875053,88702,1786352
Apr-2009,2147856,1192387,464909,325341,165220,293480,13960,57183,1783234,84358,1698876
May-2009,2190437,1227955,455570,336186,170727,274987,14649,57474,1843327,87201,1756127
Jun-2009,2140519,1193379,456579,325341,165220,279211,14293,55021,1791993,84772,1707221
Jul-2009,2170032,1202314,460805,336186,170727,277911,13793,50529,1827798,86466,1741332
Aug-2009,2192597,1224882,460802,336186,170727,275824,13776,60713,1842284,87151,1755132
Sep-2009,2089220,1134504,464155,325341,165220,285122,12392,57727,1733980,82028,1651952
Oct-2009,2197157,1202397,487848,336186,170727,303881,13082,65282,1814913,85857,1729056
Nov-2009,2144157,1178120,475476,325341,165220,307217,14465,64956,1757520,83142,1674378
Dec-2009,2196325,1198103,491310,336186,170727,308780,13396,71701,1802449,85267,1717182
Jan-2010,2210163,1133912,506855,406673,162723,302469,13091,70460,1824143,86910,1737233
Feb-2010,2047815,1052308,471123,375550,148835,293685,12082,59179,1682869,80179,1602690
Mar-2010,2276546,1160678,527636,423948,164284,327528,13244,71255,1864519,88833,1775686
Apr-2010,2190270,1114216,483507,433217,159330,294305,15194,67459,1813312,86394,1726918
May-2010,2236507,1144376,472642,454828,164661,273130,14222,62678,1886476,89880,1796596
Jun-2010,2138770,1089664,448099,444215,156791,257303,13060,65915,1802492,85878,1716613
Jul-2010,2208753,1103493,426207,516703,162350,235558,13969,63143,1896082,90337,1805745
Aug-2010,2235038,1116748,430469,522784,165037,233650,15026,68367,1917995,91381,1826614
Sep-2010,2238147,1069752,495450,513320,159625,289129,13151,74829,1861038,88668,1772370
Oct-2010,2356947,1103121,520476,572200,161150,309003,13474,78356,1956114,93197,1862916
Nov-2010,2276710,1055096,505640,562774,153200,292342,14122,77588,1892658,90174,1802484
Dec-2010,2400418,1104134,546599,590909,158776,323484,15292,77468,1984174,94534,1889640
Jan-2011,2299298,1055851,464194,626998,152255,249401,21936,75229,1952732,92165,1860566
Feb-2011,2104330,938227,466463,562261,137380,287806,20393,67202,1728929,81602,1647326
Mar-2011,2410884,1073020,530228,652767,154870,318686,14315,75525,2002359,94508,1907851
Apr-2011,2349720,1033091,501976,669549,145103,302291,13497,73085,1960847,92549,1868299
May-2011,2410866,1057528,502371,700130,150836,288748,15913,75510,2030695,95845,1934850
Jun-2011,2312943,1012955,475053,679587,145348,270382,15925,72183,1954453,92247,1862207
Jul-2011,2340293,1039485,419769,729338,151701,214464,16786,76249,2032795,95944,1936850
Aug-2011,2370440,1029990,446254,744380,149816,239834,15806,58183,2056617,97069,1959548
Sep-2011,2358169,992944,487535,731041,146649,282109,16586,72340,1987134,93789,1893345
Oct-2011,2502387,1031751,513217,806763,150657,288678,21650,73324,2118735,100000,2018734
Nov-2011,2475947,999917,543092,787075,145863,306677,17885,75233,2076152,97991,1978161
Dec-2011,2543747,1026310,557768,811094,148575,316237,18745,73860,2134904,100764,2034141
Jan-2012,2571350,1125753,455112,850081,140404,332298,16162,70191,2152698,106430,2046268
Feb-2012,2360061,1032209,420631,779826,127395,302230,16603,66796,1974431,97616,1876815
Mar-2012,2524260,1099787,451628,836494,136352,319776,17388,68403,2118693,104749,2013944
Apr-2012,2417498,1032068,414310,842792,128328,290191,18334,64454,2044519,101082,1943437
May-2012,2490707,1055642,427583,875482,132000,291899,17488,59953,2121367,104881,2016486
Jun-2012,2376776,1008131,390744,851601,126300,266095,18832,51940,2039909,100854,1939055
Jul-2012,2465064,1066571,359851,911084,127559,222160,21235,59285,2162384,106909,2055476
Aug-2012,2373954,1051540,276742,918391,127280,144521,17412,60279,2151742,106383,2045359
Sep-2012,2410375,1020391,380236,886755,122992,237976,17840,60270,2094289,103542,1990747
Oct-2012,2557140,1029999,455053,944911,127177,295660,18179,74527,2168774,107225,2061550
Nov-2012,2471365,988465,453696,907216,121989,293388,15870,60274,2101833,103915,1997917
Dec-2012,2523763,993671,480248,928226,121618,281394,17503,72227,2152640,106427,2046213
Jan-2013,2512031,933301,477897,977938,122895,317098,20803,37729,2136400,113389,2023011
Feb-2013,2269907,846692,424253,885538,113424,279555,21092,33984,1935275,102714,1832561
Mar-2013,2504000,932103,470267,975914,125716,307569,21217,38357,2136856,113413,2023443
Apr-2013,2446307,905886,461279,958819,120324,293577,20483,37625,2094623,111172,1983451
May-2013,2488677,923166,445900,997613,121998,270434,22324,38871,2157048,114485,2042563
Jun-2013,2385386,891462,416941,959035,117949,251723,20903,28368,2084393,110629,1973764
Jul-2013,2512441,913497,429551,1047840,121554,263586,23186,29265,2196404,116574,2079830
Aug-2013,2495089,910896,417242,1045229,121723,251957,23442,28013,2191677,116323,2075354
Sep-2013,2414405,859246,437548,1004528,113084,257335,21702,19905,2115463,112278,2003186
Oct-2013,2513172,897422,451184,1044998,119569,270485,21689,28398,2192600,116372,2076228
Nov-2013,2455169,863925,467220,1009572,114452,261499,21781,28283,2143606,113771,2029834
Dec-2013,2525967,881949,505419,1025503,113096,306639,21769,19671,2177887,115591,2062296
Jan-2014,2580019,842317,517989,1105060,114653,314630,24969,41625,2198795,128592,2070203
Feb-2014,2356978,789097,465046,999368,103468,275414,24634,23891,2033039,118898,1914141
Mar-2014,2623914,881366,521015,1107193,114339,305682,24807,26287,2267138,132589,2134549
Apr-2014,2583873,844658,500855,1129856,108504,283733,23614,28849,2247677,131451,2116226
May-2014,2633253,852465,499552,1169229,112006,270735,26126,26334,2310058,135099,2174959
Jun-2014,2560033,835510,483077,1133072,108375,262283,25208,25459,2247082,131416,2115666
Jul-2014,2629156,863511,443239,1212228,110177,207345,25005,25447,2371359,138684,2232675
Aug-2014,2644937,884007,437028,1213729,110173,208603,26048,26013,2384273,139439,2244834
Sep-2014,2625503,841238,501031,1176663,106571,269913,24072,24974,2306544,134893,2171651
Oct-2014,2735719,844552,528124,1255581,107461,282926,22330,23393,2407070,140772,2266298
Nov-2014,2661917,810902,531983,1215058,103975,298572,23795,25034,2314517,135360,2179157
Dec-2014,2770080,833795,571017,1257899,107369,311256,23307,25315,2410202,140956,2269247
Jan-2015,2790052,822957,558973,1303184,104938,305164,27532,37004,2420352,143561,2276791
Feb-2015,2520509,738852,503459,1183482,94715,267063,21994,34465,2196987,130312,2066675
Mar-2015,2827524,810904,576451,1336504,103665,322674,24856,36875,2443119,144911,2298208
Apr-2015,2758730,789264,564258,1305443,99765,300452,24770,35068,2398440,142261,2256179
May-2015,2790849,803572,549783,1335558,101936,283529,26874,37732,2442713,144887,2297826
Jun-2015,2660158,773933,501219,1287771,97235,239883,25425,36435,2358416,139887,2218529
Jul-2015,2756222,794462,515730,1346412,99619,247328,27051,37089,2444753,145008,2299745
Aug-2015,2744748,780568,502509,1361877,99794,230901,27021,39291,2447534,145173,2302361
Sep-2015,2721449,770977,545621,1308824,96026,280179,22169,35569,2383531,141377,2242155
Oct-2015,2806078,777128,570799,1359164,98986,302167,20269,38600,2445042,145025,2300017
Nov-2015,2726220,746850,564178,1320749,94442,310245,19237,40501,2356237,139758,2216479
Dec-2015,2812110,761813,584648,1370350,95299,322685,22345,32160,2434920,144425,2290495
Jan-2016,2823104,638346,575737,1515623,93398,323332,22548,41849,2435375,155035,2280340
Feb-2016,2653842,616281,524352,1426005,87204,299216,18824,25281,2310521,147087,2163435
Mar-2016,2824983,672249,559755,1499248,93731,320612,20912,41483,2441976,155455,2286521
Apr-2016,2678610,616021,505035,1468682,88872,272439,19009,25608,2361554,150335,2211218
May-2016,2767844,622639,536119,1518351,90735,298044,18764,38561,2412475,153577,2258898
Jun-2016,2628164,589857,488158,1463590,86558,259498,19331,37047,2312288,147199,2165089
Jul-2016,2721210,603497,504249,1523883,89582,274540,21890,15866,2408915,153350,2255564
Aug-2016,2722631,590207,520679,1521640,90105,282492,19023,31303,2389813,152134,2237678
Sep-2016,2626213,584167,505551,1448961,87534,273711,17090,38011,2297402,146252,2151150
Oct-2016,2720187,601760,539447,1488769,90212,296954,18567,39987,2364679,150534,2214145
Nov-2016,2678247,571539,553695,1467124,85889,315978,16554,38221,2307494,146894,2160600
Dec-2016,2746543,581295,572343,1505663,87242,331292,17899,39797,2357556,150081,2207475
Jan-2017,2723628,525828,550704,1562121,84975,331690,22945,29563,2339431,151984,2187447
Feb-2017,2493267,472047,505985,1438680,76555,305432,17139,28108,2142588,139196,2003393
Mar-2017,2797117,543939,560762,1607345,85070,334324,17297,19697,2425799,157595,2268204
Apr-2017,2689967,517704,520882,1568742,82638,306345,17705,15485,2350432,152698,2197733
May-2017,2778965,516713,534122,1643892,84237,310411,19369,20445,2428739,157786,2270953
Jun-2017,2688422,506113,486284,1614519,81506,272596,22521,20128,2373176,154176,2219000
Jul-2017,2753997,518613,463533,1688557,83293,235041,19979,21404,2477573,160958,2316614
Aug-2017,2769670,517848,475094,1694366,82362,249803,22704,20983,2476180,160868,2315312
Sep-2017,2763285,500187,504550,1677823,80726,276765,26151,22157,2438213,158401,2279811
Oct-2017,2911373,526830,534911,1766484,83147,301032,24438,21648,2564255,166590,2397665
Nov-2017,2897003,496469,534028,1787812,78694,297362,20707,20162,2558771,166233,2392537
Dec-2017,3025419,519127,546583,1877261,82449,317931,24533,20285,2662670,170757,2491914
Jan-2018,2993178,665082,391446,1850680,85970,325211,29102,20550,2618315,177251,2441063
Feb-2018,2751215,611498,358228,1704589,76900,295921,21938,19008,2414348,163444,2250905
Mar-2018,3069284,669220,399671,1915467,84925,315367,24565,25135,2704217,183067,2521151
Apr-2018,2976108,646869,378572,1869862,80805,311039,28437,24091,2612541,176861,2435681
May-2018,3098558,669082,379054,1966679,83743,313734,31713,22444,2730667,184857,2545810
Jun-2018,2972738,642749,327376,1922264,80350,260982,31973,23830,2655954,179799,2476154
Jul-2018,3138242,666257,343438,2045869,82679,261852,52888,24356,2799146,189493,2609653
Aug-2018,3206177,672050,358328,2092618,83182,273392,53278,23908,2855600,193315,2662285
Sep-2018,3153978,648863,365071,2059835,80209,287058,35198,22905,2808817,190148,2618670
Oct-2018,3314676,668904,379974,2183049,82749,301185,59189,15052,2939250,198978,2740273
Nov-2018,3259912,642685,401997,2136395,78835,311098,42651,12065,2894098,195921,2698177
Dec-2018,3391473,660804,420344,2229941,80384,330530,59670,25359,2975914,201460,2774454
Jan-2019,3376735,644510,423126,2231082,78018,331494,45547,24865,2974830,207962,2766868
Feb-2019,3056916,585129,367432,2034214,70141,290293,38326,23048,2705249,189116,2516133
Mar-2019,3383042,639820,401333,2264257,77632,307935,41945,24354,3008808,210337,2798471
Apr-2019,3315270,617631,401160,2221029,75450,305880,58755,24790,2925844,204537,2721306
May-2019,3424018,630261,401362,2314917,77479,310097,44779,22697,3046445,212968,2833477
Jun-2019,3299794,608327,365243,2251907,74317,267613,52394,23483,2956304,206667,2749637
Jul-2019,3395984,602982,338255,2378255,76492,264686,48589,11011,3071698,214733,2856964
Aug-2019,3448106,624041,343969,2403284,76812,231063,48221,22438,3146384,219954,2926429
Sep-2019,3396571,618881,353321,2350433,73936,273099,43360,23578,3056535,213673,2842862
Oct-2019,3551970,630510,385424,2460040,75996,299941,41527,24353,3186150,222734,2963416
Nov-2019,3509293,607175,402720,2426542,72856,312524,40075,22767,3133926,219084,2914843
Dec-2019,3622512,624021,420205,2504871,73415,327300,35962,24505,3234746,226132,3008614
Jan-2020,3598402,604082,407334,2513867,73120,295334,38116,7421,3257533,239079,3018453
Feb-2020,3366311,563921,382648,2351637,68105,319686,36708,17072,2992845,223394,2769451
Mar-2020,3579884,591476,391550,2524957,71900,326726,39367,21754,3192036,239233,2952802
Apr-2020,3375996,556747,365139,2385364,68747,263136,27537,9150,3076174,225432,2850742
May-2020,3290613,554312,350889,2315568,69844,293518,22813,31371,2942912,219084,2723828
Jun-2020,3220917,540793,338723,2273712,67690,247579,24499,21771,2927068,215040,2712029
Jul-2020,3386520,563375,350013,2404336,68795,299559,29359,30822,3026780,226142,2800638
Aug-2020,3368303,543985,318696,2437599,68023,283563,25144,32009,3027588,225412,2802176
Sep-2020,3274179,524899,336308,2346572,66400,263261,24174,29576,2957168,218375,2738793
Oct-2020,3381515,530668,351915,2430689,68244,321489,25572,29586,3004869,223934,2780936
Nov-2020,3371220,527518,365649,2412047,66006,319609,23122,30118,2998371,223387,2774983
Dec-2020,3516066,541581,404077,2503689,66719,346969,22863,28751,3117483,231185,2886298
Jan-2021,3504128,533310,398761,2505571,66487,343602,22550,32396,3105581,233604,2871976
Feb-2021,2938642,454669,348382,2076596,58994,290111,26137,25163,2597230,195366,2401865
Mar-2021,3509749,534655,394442,2514904,65749,331611,23179,18892,3136068,235898,2900170
Apr-2021,3428387,518088,371270,2475838,63191,314399,23631,31695,3058663,230075,2828588
May-2021,3524820,530948,377493,2551126,65252,313255,24926,28553,3158085,237554,2920531
Jun-2021,3389749,501094,349303,2476793,62559,291884,24947,27653,3045264,229067,2816197
Jul-2021,3508680,520485,332894,2591107,64193,275926,26956,29290,3176507,238939,2937568
Aug-2021,3534922,513991,346524,2610084,64323,293474,26834,28694,3185920,239647,2946272
Sep-2021,3440723,492754,333541,2551916,62511,292268,20316,24061,3104078,233491,2870587
Oct-2021,3612938,521313,364428,2663159,64038,305331,21877,27249,3258481,245106,3013375
Nov-2021,3564460,504046,384093,2614030,62290,325117,22361,28024,3188958,239876,2949082
Dec-2021,3719546,519509,407532,2729218,63287,344365,24061,28095,3323025,249961,3073064
Jan-2022,3628346,501904,401848,2661822,62771,339281,25362,28436,3235266,252344,2982923
Feb-2022,3266220,456209,365104,2388436,56472,306618,20851,24271,2914480,227323,2687157
Mar-2022,3662848,511222,398039,2690557,63030,331919,22278,26197,3282454,256024,3026429
Apr-2022,3568334,496325,381603,2629798,60608,319527,22018,27571,3199218,249532,2949686
May-2022,3695408,507724,378490,2747039,62154,314581,22147,26639,3332041,259892,3072149
Jun-2022,3564801,491548,349080,2663855,60318,284365,21690,26420,3232326,252114,2980211
Jul-2022,3735794,515468,369051,2789151,62124,306773,24402,29542,3375077,263249,3111828
Aug-2022,3730403,506420,361059,2800617,62307,291548,22093,24379,3392383,264599,3127785
Sep-2022,3669326,491737,365772,2751649,60168,295167,20273,23472,3330414,259765,3070649
Oct-2022,3813798,514704,386515,2849694,62885,322568,22934,30553,3437743,268137,3169606
Nov-2022,3712188,490968,400065,2760841,60314,333246,23292,29078,3326572,259466,3067107
Dec-2022,3754805,495218,419591,2778832,61163,336846,23543,24040,3370376,262882,3107493
Jan-2023,3819633,,,,,,,,3428769,272007,3156761
Feb-2023,3455613,,,,,,,,3102781,248643,2854137
Mar-2023,3858010,,,,,,,,3474934,286228,3188706
Apr-2023,3729365,,,,,,,,3362007,280913,3081094
May-2023,3869465,,,,,,,,3499909,289696,3210214
Jun-2023,3719787,,,,,,,,3375450,278429,3097021
Jul-2023,3827200,,,,,,,,3494802,292122,3202680
Aug-2023,3849638,,,,,,,,3533722,294635,3239087
Sep-2023,3761177,,,,,,,,3426002,293008,3132994
Oct-2023,3908666,,,,,,,,3536693,303341,3233351
Nov-2023,3840525,,,,,,,,3468760,292673,3176087
Dec-2023,3993824,,,,,,,,3592260,295529,3296731
Jan-2024,3871729,,,,,,,,3478855,269190,3209666
Feb-2024,3723104,,,,,,,,3348137,275682,3072455
Mar-2024,3880213,,,,,,,,3486527,304390,3182137
Apr-2024,3716254,,,,,,,,3352207,301000,3051207
May-2024,3834338,,,,,,,,3461632,313602,3148030
Jun-2024,3731414,,,,,,,,3385781,301477,3084304
Jul-2024,3892232,,,,,,,,3538639,306403,3232236
Aug-2024,3855874,,,,,,,,3513772,310350,3203423
