Back to Contents,Data 1: Import Volumes,,,,,,,,,,,,,,,,,,,,,,,,,,
Sourcekey,N9100US2,N9102US2,N9102CN2,N9102MX2,N9103US2,N9103AG2,N9103AU2,N9103BX2,NGM_EPG0_NUS-NCA_IML_MMCF,N9103EG2,NGM_EPG0_NUS-NEK_IML_MMCF,NGM_EPG0_IML_NUS-NFR_MMCF,N9103ID2,NGM_EPG0_IML_NUS-NJM_MMCF,N9103MY2,N9103NG2,NGM_EPG0_NUS-NNO_IML_MMCF,N9103MU2,NGM_EPG0_NUS-NPE_IML_MMCF,N9103QR2,N9103TD2,N9103UA2,NGM_EPG0_IML_NUS-NUK_MMCF,NGM_EPG0_IML_NUS-NYE_MMCF,N9103982,NGM_EPG0_INC_NUS-Z00_MMCF,NGM_EPG0_INC_NUS-NCA_MMCF
Date,U.S. Natural Gas Imports (MMcf),U.S. Natural Gas Pipeline Imports (MMcf),U.S. Natural Gas Pipeline Imports From Canada (MMcf),U.S. Natural Gas Pipeline Imports From Mexico (MMcf),U.S. Liquefied Natural Gas Imports (MMcf),U.S. Liquefied Natural Gas Imports From Algeria (MMcf),U.S. Liquefied Natural Gas Imports From Australia (MMcf),U.S. Liquefied Natural Gas Imports From Brunei (MMcf),U.S. Liquefied Natural Gas Imports From Canada (MMcf),U.S. Liquefied Natural Gas Imports From Egypt (MMcf),U.S. Liquefied Natural Gas Imports From Equatorial Guinea (MMcf),U.S. Liquefied Natural Gas Imports From France (MMcf),U.S. Liquefied Natural Gas Imports From Indonesia (MMcf),U.S. Liquefied Natural Gas Imports from Jamaica (Million Cubic Feet),U.S. Liquefied Natural Gas Imports From Malaysia (MMcf),U.S. Liquefied Natural Gas Imports From Nigeria (MMcf),U.S. Liquefied Natural Gas Imports From Norway (MMcf),U.S. Liquefied Natural Gas Imports From Oman (MMcf),U.S. Liquefied Natural Gas Imports From Peru (MMcf),U.S. Liquefied Natural Gas Imports From Qatar (MMcf),U.S. Liquefied Natural Gas Imports From Trinidad and Tobago (MMcf),U.S. Liquefied Natural Gas Imports From The United Arab Emirates (MMcf),U.S. Liquefied Natural Gas Imports From United Kingdom (MMcf),U.S. Liquefied Natural Gas Imports From Yemen (MMcf),U.S. Liquefied Natural Gas Imports From Other Countries (MMcf),Compressed U.S. Natural Gas Imports (Million Cubic Feet),Compressed U.S. Natural Gas Imports from Canada (Million Cubic Feet)
Jan-1973,92694,,92519,97,,78,0,,,,,,,,,,,,,,,0,,,,,
Feb-1973,83870,,83616,174,,81,0,,,,,,,,,,,,,,,0,,,,,
Mar-1973,91581,,91230,270,,81,0,,,,,,,,,,,,,,,0,,,,,
Apr-1973,88407,,88107,219,,81,0,,,,,,,,,,,,,,,0,,,,,
May-1973,85844,,85712,132,,0,0,,,,,,,,,,,,,,,0,,,,,
Jun-1973,79121,,78993,127,,0,0,,,,,,,,,,,,,,,0,,,,,
Jul-1973,79428,,79428,0,,0,0,,,,,,,,,,,,,,,0,,,,,
Aug-1973,84400,,84360,40,,0,0,,,,,,,,,,,,,,,0,,,,,
Sep-1973,81157,,81086,71,,0,0,,,,,,,,,,,,,,,0,,,,,
Oct-1973,92151,,89881,236,,2034,0,,,,,,,,,,,,,,,0,,,,,
Nov-1973,85784,,84677,74,,1033,0,,,,,,,,,,,,,,,0,,,,,
Dec-1973,88466,,88274,192,,0,0,,,,,,,,,,,,,,,0,,,,,
Jan-1974,85815,,85729,86,,0,0,,,,,,,,,,,,,,,0,,,,,
Feb-1974,78919,,78845,74,,0,0,,,,,,,,,,,,,,,0,,,,,
Mar-1974,85190,,85165,25,,0,0,,,,,,,,,,,,,,,0,,,,,
Apr-1974,83371,,83341,30,,0,0,,,,,,,,,,,,,,,0,,,,,
May-1974,79764,,79757,7,,0,0,,,,,,,,,,,,,,,0,,,,,
Jun-1974,74245,,74245,0,,0,0,,,,,,,,,,,,,,,0,,,,,
Jul-1974,73247,,73247,0,,0,0,,,,,,,,,,,,,,,0,,,,,
Aug-1974,76037,,76037,0,,0,0,,,,,,,,,,,,,,,0,,,,,
Sep-1974,70511,,70511,0,,0,0,,,,,,,,,,,,,,,0,,,,,
Oct-1974,82625,,82625,0,,0,0,,,,,,,,,,,,,,,0,,,,,
Nov-1974,83107,,83107,0,,0,0,,,,,,,,,,,,,,,0,,,,,
Dec-1974,86454,,86454,0,,0,0,,,,,,,,,,,,,,,0,,,,,
Jan-1975,80824,,80824,0,,0,0,,,,,,,,,,,,,,,0,,,,,
Feb-1975,74496,,74496,0,,0,0,,,,,,,,,,,,,,,0,,,,,
Mar-1975,83380,,83380,0,,0,0,,,,,,,,,,,,,,,0,,,,,
Apr-1975,82132,,82132,0,,0,0,,,,,,,,,,,,,,,0,,,,,
May-1975,79818,,79818,0,,0,0,,,,,,,,,,,,,,,0,,,,,
Jun-1975,76307,,76307,0,,0,0,,,,,,,,,,,,,,,0,,,,,
Jul-1975,80037,,77972,0,,2065,0,,,,,,,,,,,,,,,0,,,,,
Aug-1975,75311,,74263,0,,1049,0,,,,,,,,,,,,,,,0,,,,,
Sep-1975,73606,,72849,0,,757,0,,,,,,,,,,,,,,,0,,,,,
Oct-1975,80468,,80468,0,,0,0,,,,,,,,,,,,,,,0,,,,,
Nov-1975,80761,,80761,0,,0,0,,,,,,,,,,,,,,,0,,,,,
Dec-1975,85867,,84845,0,,1021,0,,,,,,,,,,,,,,,0,,,,,
Jan-1976,84395,,83363,0,,1032,0,,,,,,,,,,,,,,,0,,,,,
Feb-1976,78024,,78024,0,,0,0,,,,,,,,,,,,,,,0,,,,,
Mar-1976,84910,,83887,0,,1023,0,,,,,,,,,,,,,,,0,,,,,
Apr-1976,85940,,83882,0,,2058,0,,,,,,,,,,,,,,,0,,,,,
May-1976,81650,,81650,0,,0,0,,,,,,,,,,,,,,,0,,,,,
Jun-1976,75785,,75785,0,,0,0,,,,,,,,,,,,,,,0,,,,,
Jul-1976,73108,,72502,0,,606,0,,,,,,,,,,,,,,,0,,,,,
Aug-1976,76539,,75174,0,,1365,0,,,,,,,,,,,,,,,0,,,,,
Sep-1976,74125,,73110,0,,1015,0,,,,,,,,,,,,,,,0,,,,,
Oct-1976,85257,,83226,0,,2031,0,,,,,,,,,,,,,,,0,,,,,
Nov-1976,80926,,79901,0,,1026,0,,,,,,,,,,,,,,,0,,,,,
Dec-1976,83110,,83110,0,,0,0,,,,,,,,,,,,,,,0,,,,,
Jan-1977,86944,,86944,0,,0,0,,,,,,,,,,,,,,,0,,,,,
Feb-1977,91751,,89195,791,,1765,0,,,,,,,,,,,,,,,0,,,,,
Mar-1977,100826,,97764,1406,,1656,0,,,,,,,,,,,,,,,0,,,,,
Apr-1977,84474,,82672,187,,1616,0,,,,,,,,,,,,,,,0,,,,,
May-1977,85697,,84659,0,,1038,0,,,,,,,,,,,,,,,0,,,,,
Jun-1977,76247,,75191,0,,1056,0,,,,,,,,,,,,,,,0,,,,,
Jul-1977,72499,,71444,0,,1055,0,,,,,,,,,,,,,,,0,,,,,
Aug-1977,76453,,75397,0,,1056,0,,,,,,,,,,,,,,,0,,,,,
Sep-1977,75446,,75446,0,,0,0,,,,,,,,,,,,,,,0,,,,,
Oct-1977,84828,,83780,0,,1048,0,,,,,,,,,,,,,,,0,,,,,
Nov-1977,86300,,85266,0,,1034,0,,,,,,,,,,,,,,,0,,,,,
Dec-1977,89536,,89536,0,,0,0,,,,,,,,,,,,,,,0,,,,,
Jan-1978,85796,,85796,0,,0,0,,,,,,,,,,,,,,,0,,,,,
Feb-1978,77256,,76224,0,,1033,0,,,,,,,,,,,,,,,0,,,,,
Mar-1978,85621,,82111,0,,3510,0,,,,,,,,,,,,,,,0,,,,,
Apr-1978,78313,,76225,0,,2088,0,,,,,,,,,,,,,,,0,,,,,
May-1978,73829,,71362,0,,2467,0,,,,,,,,,,,,,,,0,,,,,
Jun-1978,68327,,63001,0,,5326,0,,,,,,,,,,,,,,,0,,,,,
Jul-1978,71557,,64341,0,,7216,0,,,,,,,,,,,,,,,0,,,,,
Aug-1978,73604,,65504,0,,8100,0,,,,,,,,,,,,,,,0,,,,,
Sep-1978,73236,,63975,0,,9260,0,,,,,,,,,,,,,,,0,,,,,
Oct-1978,80197,,66674,0,,13524,0,,,,,,,,,,,,,,,0,,,,,
Nov-1978,90783,,77802,0,,12981,0,,,,,,,,,,,,,,,0,,,,,
Dec-1978,107026,,88108,0,,18918,0,,,,,,,,,,,,,,,0,,,,,
Jan-1979,102237,,89736,0,,12501,0,,,,,,,,,,,,,,,0,,,,,
Feb-1979,96612,,81027,0,,15585,0,,,,,,,,,,,,,,,0,,,,,
Mar-1979,112962,,85894,0,,27068,0,,,,,,,,,,,,,,,0,,,,,
Apr-1979,105864,,82831,0,,23033,0,,,,,,,,,,,,,,,0,,,,,
May-1979,104317,,78150,0,,26167,0,,,,,,,,,,,,,,,0,,,,,
Jun-1979,100633,,77039,0,,23594,0,,,,,,,,,,,,,,,0,,,,,
Jul-1979,103754,,76885,0,,26869,0,,,,,,,,,,,,,,,0,,,,,
Aug-1979,96985,,73374,0,,23611,0,,,,,,,,,,,,,,,0,,,,,
Sep-1979,97936,,70355,0,,27581,0,,,,,,,,,,,,,,,0,,,,,
Oct-1979,107418,,89991,0,,17428,0,,,,,,,,,,,,,,,0,,,,,
Nov-1979,114564,,97258,0,,17307,0,,,,,,,,,,,,,,,0,,,,,
Dec-1979,110099,,98235,0,,11864,0,,,,,,,,,,,,,,,0,,,,,
Jan-1980,118006,,94010,4920,,19076,0,,,,,,,,,,,,,,,0,,,,,
Feb-1980,108192,,81583,7829,,18780,0,,,,,,,,,,,,,,,0,,,,,
Mar-1980,108648,,74766,9370,,24512,0,,,,,,,,,,,,,,,0,,,,,
Apr-1980,77257,,55636,9390,,12231,0,,,,,,,,,,,,,,,0,,,,,
May-1980,70207,,59789,9216,,1202,0,,,,,,,,,,,,,,,0,,,,,
Jun-1980,61256,,52720,8536,,0,0,,,,,,,,,,,,,,,0,,,,,
Jul-1980,60600,,51649,8951,,0,0,,,,,,,,,,,,,,,0,,,,,
Aug-1980,59966,,50522,9444,,0,0,,,,,,,,,,,,,,,0,,,,,
Sep-1980,60190,,51187,9003,,0,0,,,,,,,,,,,,,,,0,,,,,
Oct-1980,74355,,63005,8828,,2522,0,,,,,,,,,,,,,,,0,,,,,
Nov-1980,88279,,77761,7922,,2596,0,,,,,,,,,,,,,,,0,,,,,
Dec-1980,97806,,83876,9000,,4930,0,,,,,,,,,,,,,,,0,,,,,
Jan-1981,91149,,81047,10102,,0,0,,,,,,,,,,,,,,,0,,,,,
Feb-1981,84706,,71281,8899,,4526,0,,,,,,,,,,,,,,,0,,,,,
Mar-1981,79820,,68906,9140,,1774,0,,,,,,,,,,,,,,,0,,,,,
Apr-1981,69337,,55185,9176,,4976,0,,,,,,,,,,,,,,,0,,,,,
May-1981,62377,,51764,7959,,2654,0,,,,,,,,,,,,,,,0,,,,,
Jun-1981,64923,,54800,7839,,2284,0,,,,,,,,,,,,,,,0,,,,,
Jul-1981,66184,,53346,7881,,4957,0,,,,,,,,,,,,,,,0,,,,,
Aug-1981,64450,,53652,8186,,2612,0,,,,,,,,,,,,,,,0,,,,,
Sep-1981,67316,,55442,9274,,2600,0,,,,,,,,,,,,,,,0,,,,,
Oct-1981,79204,,67988,8611,,2605,0,,,,,,,,,,,,,,,0,,,,,
Nov-1981,81940,,68267,8445,,5228,0,,,,,,,,,,,,,,,0,,,,,
Dec-1981,92544,,80436,9500,,2608,0,,,,,,,,,,,,,,,0,,,,,
Jan-1982,98077,,86654,8801,,2622,0,,,,,,,,,,,,,,,0,,,,,
Feb-1982,85337,,75214,7632,,2491,0,,,,,,,,,,,,,,,0,,,,,
Mar-1982,81648,,69898,6754,,4996,0,,,,,,,,,,,,,,,0,,,,,
Apr-1982,71591,,62061,7007,,2523,0,,,,,,,,,,,,,,,0,,,,,
May-1982,65324,,55443,7369,,2512,0,,,,,,,,,,,,,,,0,,,,,
Jun-1982,61213,,51223,7503,,2487,0,,,,,,,,,,,,,,,0,,,,,
Jul-1982,66839,,53166,8613,,5060,0,,,,,,,,,,,,,,,0,,,,,
Aug-1982,60809,,52694,8115,,0,0,,,,,,,,,,,,,,,0,,,,,
Sep-1982,65515,,52803,7625,,5087,0,,,,,,,,,,,,,,,0,,,,,
Oct-1982,76522,,66306,7722,,2494,0,,,,,,,,,,,,,,,0,,,,,
Nov-1982,90532,,72843,8187,,9502,0,,,,,,,,,,,,,,,0,,,,,
Dec-1982,109928,,85101,9464,,15363,0,,,,,,,,,,,,,,,0,,,,,
Jan-1983,112108,,85695,8969,,17444,0,,,,,,,,,,,,,,,0,,,,,
Feb-1983,94673,,71320,8113,,15239,0,,,,,,,,,,,,,,,0,,,,,
Mar-1983,85912,,62761,8468,,14683,0,,,,,,,,,,,,,,,0,,,,,
Apr-1983,73644,,56084,5487,,12072,0,,,,,,,,,,,,,,,0,,,,,
May-1983,61135,,47889,5618,,7629,0,,,,,,,,,,,,,,,0,,,,,
Jun-1983,58866,,40723,5439,,12704,0,,,,,,,,,,,,,,,0,,,,,
Jul-1983,58094,,42213,5616,,10265,0,,,,,,,,,,,,,,,0,,,,,
Aug-1983,55511,,44719,5618,,5173,0,,,,,,,,,,,,,,,0,,,,,
Sep-1983,66866,,51918,5435,,9513,0,,,,,,,,,,,,,,,0,,,,,
Oct-1983,64236,,52716,5611,,5909,0,,,,,,,,,,,,,,,0,,,,,
Nov-1983,80498,,64908,5427,,10163,0,,,,,,,,,,,,,,,0,,,,,
Dec-1983,106865,,90977,5559,,10330,0,,,,,,,,,,,,,,,0,,,,,
Jan-1984,97339,,89342,4646,,3350,0,,,,,,,,,,,,,,,0,,,,,
Feb-1984,68900,,61794,3736,,3371,0,,,,,,,,,,,,,,,0,,,,,
Mar-1984,69161,,61094,4681,,3386,0,,,,,,,,,,,,,,,0,,,,,
Apr-1984,71215,,59944,5201,,6070,0,,,,,,,,,,,,,,,0,,,,,
May-1984,65967,,56969,5605,,3394,0,,,,,,,,,,,,,,,0,,,,,
Jun-1984,59292,,50474,5415,,3403,0,,,,,,,,,,,,,,,0,,,,,
Jul-1984,55459,,47228,5596,,2635,0,,,,,,,,,,,,,,,0,,,,,
Aug-1984,54104,,48502,5602,,0,0,,,,,,,,,,,,,,,0,,,,,
Sep-1984,56831,,51410,5421,,0,0,,,,,,,,,,,,,,,0,,,,,
Oct-1984,65822,,57613,5598,,2610,0,,,,,,,,,,,,,,,0,,,,,
Nov-1984,84502,,79178,0,,5323,0,,,,,,,,,,,,,,,0,,,,,
Dec-1984,94469,,91820,0,,2649,0,,,,,,,,,,,,,,,0,,,,,
Jan-1985,103893,,101217,0,,2675,0,,,,,,,,,,,,,,,0,,,,,
Feb-1985,99497,,94204,0,,5292,0,,,,,,,,,,,,,,,0,,,,,
Mar-1985,89554,,86882,0,,2672,0,,,,,,,,,,,,,,,0,,,,,
Apr-1985,75513,,72831,0,,2682,0,,,,,,,,,,,,,,,0,,,,,
May-1985,73439,,71148,0,,2291,0,,,,,,,,,,,,,,,0,,,,,
Jun-1985,65422,,62735,0,,2687,0,,,,,,,,,,,,,,,0,,,,,
Jul-1985,59497,,56822,0,,2676,0,,,,,,,,,,,,,,,0,,,,,
Aug-1985,60519,,60519,0,,0,0,,,,,,,,,,,,,,,0,,,,,
Sep-1985,63268,,60584,0,,2684,0,,,,,,,,,,,,,,,0,,,,,
Oct-1985,75802,,75802,0,,0,0,,,,,,,,,,,,,,,0,,,,,
Nov-1985,77078,,77078,0,,0,0,,,,,,,,,,,,,,,0,,,,,
Dec-1985,106233,,106232,0,,0,0,,,,,,,,,,,,,,,0,,,,,
Jan-1986,99415,,99415,0,,0,0,,,,,,,,,,,,,,,0,,,,,
Feb-1986,74182,,74182,0,,0,0,,,,,,,,,,,,,,,0,,,,,
Mar-1986,54684,,54684,0,,0,0,,,,,,,,,,,,,,,0,,,,,
Apr-1986,42512,,42512,0,,0,0,,,,,,,,,,,,,,,0,,,,,
May-1986,52179,,52179,0,,0,0,,,,,,,,,,,,,,,0,,,,,
Jun-1986,44427,,44427,0,,0,0,,,,,,,,,,,,,,,0,,,,,
Jul-1986,48382,,48382,0,,0,0,,,,,,,,,,,,,,,0,,,,,
Aug-1986,50580,,50580,0,,0,0,,,,,,,,,,,,,,,0,,,,,
Sep-1986,54479,,54479,0,,0,0,,,,,,,,,,,,,,,0,,,,,
Oct-1986,68628,,68628,0,,0,0,,,,,,,,,,,,,,,0,,,,,
Nov-1986,70483,,70483,0,,0,0,,,,,,,,,,,,,,,0,,,,,
Dec-1986,90497,,88828,0,,0,0,,,,,,,,,,,,,,,0,,,,,
Jan-1987,100779,,100779,0,,0,0,,,,,,,,,,,,,,,0,,,,,
Feb-1987,83911,,83911,0,,0,0,,,,,,,,,,,,,,,0,,,,,
Mar-1987,85778,,85778,0,,0,0,,,,,,,,,,,,,,,0,,,,,
Apr-1987,68486,,68486,0,,0,0,,,,,,,,,,,,,,,0,,,,,
May-1987,61422,,61422,0,,0,0,,,,,,,,,,,,,,,0,,,,,
Jun-1987,57709,,57709,0,,0,0,,,,,,,,,,,,,,,0,,,,,
Jul-1987,66211,,66211,0,,0,0,,,,,,,,,,,,,,,0,,,,,
Aug-1987,74702,,74702,0,,0,0,,,,,,,,,,,,,,,0,,,,,
Sep-1987,72837,,72837,0,,0,0,,,,,,,,,,,,,,,0,,,,,
Oct-1987,93094,,93094,0,,0,0,,,,,,,,,,,,,,,0,,,,,
Nov-1987,107092,,107092,0,,0,0,,,,,,,,,,,,,,,0,,,,,
Dec-1987,120510,,120510,0,,0,0,,,,,,,,,,,,,,,0,,,,,
Jan-1988,137865,,132746,0,,5119,0,,,,,,,,,,,,,,,0,,,,,
Feb-1988,116223,,116223,0,,0,0,,,,,,,,,,,,,,,0,,,,,
Mar-1988,111816,,109287,0,,2529,0,,,,,,,,,,,,,,,0,,,,,
Apr-1988,94722,,94722,0,,0,0,,,,,,,,,,,,,,,0,,,,,
May-1988,93370,,93370,0,,0,0,,,,,,,,,,,,,,,0,,,,,
Jun-1988,93165,,93165,0,,0,0,,,,,,,,,,,,,,,0,,,,,
Jul-1988,99844,,99844,0,,0,0,,,,,,,,,,,,,,,0,,,,,
Aug-1988,95434,,95434,0,,0,0,,,,,,,,,,,,,,,0,,,,,
Sep-1988,95861,,95861,0,,0,0,,,,,,,,,,,,,,,0,,,,,
Oct-1988,106884,,102078,0,,4806,0,,,,,,,,,,,,,,,0,,,,,
Nov-1988,120685,,118176,0,,2509,0,,,,,,,,,,,,,,,0,,,,,
Dec-1988,127943,,125415,0,,2528,0,,,,,,,,,,,,,,,0,,,,,
Jan-1989,119269,,114244,0,,5025,0,,,,,,,,,,,,,,,0,,,,,
Feb-1989,110218,,107676,0,,2542,0,,,,,,,,,,,,,,,0,,,,,
Mar-1989,113196,,110525,0,,2670,0,,,,,,,,,,,,,,,0,,,,,
Apr-1989,110335,,107811,0,,2525,0,,,,,,,,,,,,,,,0,,,,,
May-1989,107980,,102908,0,,5072,0,,,,,,,,,,,,,,,0,,,,,
Jun-1989,103706,,101177,0,,2529,0,,,,,,,,,,,,,,,0,,,,,
Jul-1989,101486,,99287,0,,2199,0,,,,,,,,,,,,,,,0,,,,,
Aug-1989,107770,,105486,0,,2284,0,,,,,,,,,,,,,,,0,,,,,
Sep-1989,116763,,112023,0,,4740,0,,,,,,,,,,,,,,,0,,,,,
Oct-1989,122663,,120134,0,,2529,0,,,,,,,,,,,,,,,0,,,,,
Nov-1989,123159,,118118,0,,5041,0,,,,,,,,,,,,,,,0,,,,,
Dec-1989,144973,,139967,0,,5006,0,,,,,,,,,,,,,,,0,,,,,
Jan-1990,140176,,129943,0,,10233,0,,,,,,,,,,,,,,,0,,,,,
Feb-1990,117576,,107333,0,,10243,0,,,,,,,,,,,,,,,0,,,,,
Mar-1990,115979,,108243,0,,7736,0,,,,,,,,,,,,,,,0,,,,,
Apr-1990,123360,,113218,0,,10142,0,,,,,,,,,,,,,,,0,,,,,
May-1990,122917,,117807,0,,5110,0,,,,,,,,,,,,,,,0,,,,,
Jun-1990,117009,,114442,0,,2568,0,,,,,,,,,,,,,,,0,,,,,
Jul-1990,119686,,114640,0,,5046,0,,,,,,,,,,,,,,,0,,,,,
Aug-1990,118485,,113380,0,,5105,0,,,,,,,,,,,,,,,0,,,,,
Sep-1990,119523,,114444,0,,5079,0,,,,,,,,,,,,,,,0,,,,,
Oct-1990,141974,,136910,0,,5065,0,,,,,,,,,,,,,,,0,,,,,
Nov-1990,139691,,129463,0,,10227,0,,,,,,,,,,,,,,,0,,,,,
Dec-1990,155884,,148243,0,,7641,0,,,,,,,,,,,,,,,0,,,,,
Jan-1991,163448,,155805,0,,7643,0,,,,,,,,,,,,,,,0,,,,,
Feb-1991,137998,,132962,0,,5035,0,,,,,,,,,,,,,,,0,,,,,
Mar-1991,151487,,146383,0,,5105,0,,,,,,,,,,,,,,,0,,,,,
Apr-1991,143955,,138833,0,,5122,0,,,,,,,,,,,,,,,0,,,,,
May-1991,141292,,136202,0,,5091,0,,,,,,,,,,,,,,,0,,,,,
Jun-1991,133264,,130701,0,,2562,0,,,,,,,,,,,,,,,0,,,,,
Jul-1991,134859,,129768,0,,5091,0,,,,,,,,,,,,,,,0,,,,,
Aug-1991,127139,,127139,0,,0,0,,,,,,,,,,,,,,,0,,,,,
Sep-1991,133934,,131345,0,,2589,0,,,,,,,,,,,,,,,0,,,,,
Oct-1991,156635,,146489,0,,10146,0,,,,,,,,,,,,,,,0,,,,,
Nov-1991,168718,,163605,0,,5113,0,,,,,,,,,,,,,,,0,,,,,
Dec-1991,180585,,170485,0,,10099,0,,,,,,,,,,,,,,,0,,,,,
Jan-1992,164636,,157026,0,,7610,0,,,,,,,,,,,,,,,0,,,,,
Feb-1992,175243,,170167,0,,5076,0,,,,,,,,,,,,,,,0,,,,,
Mar-1992,180482,,177978,0,,2503,0,,,,,,,,,,,,,,,0,,,,,
Apr-1992,176146,,173615,0,,2531,0,,,,,,,,,,,,,,,0,,,,,
May-1992,174312,,174312,0,,0,0,,,,,,,,,,,,,,,0,,,,,
Jun-1992,162249,,159743,0,,2505,0,,,,,,,,,,,,,,,0,,,,,
Jul-1992,167216,,167216,0,,0,0,,,,,,,,,,,,,,,0,,,,,
Aug-1992,174733,,172240,0,,2492,0,,,,,,,,,,,,,,,0,,,,,
Sep-1992,166117,,163584,0,,2533,0,,,,,,,,,,,,,,,0,,,,,
Oct-1992,176466,,173904,0,,2563,0,,,,,,,,,,,,,,,0,,,,,
Nov-1992,210479,,202846,0,,7633,0,,,,,,,,,,,,,,,0,,,,,
Dec-1992,209426,,201756,0,,7670,0,,,,,,,,,,,,,,,0,,,,,
Jan-1993,200070,,194929,0,,5141,0,,,,,,,,,,,,,,,0,,,,,
Feb-1993,190711,,183057,0,,7654,0,,,,,,,,,,,,,,,0,,,,,
Mar-1993,204415,,199269,0,,5146,0,,,,,,,,,,,,,,,0,,,,,
Apr-1993,188666,,180946,0,,7720,0,,,,,,,,,,,,,,,0,,,,,
May-1993,171307,,166072,0,,5236,0,,,,,,,,,,,,,,,0,,,,,
Jun-1993,182364,,174799,0,,7566,0,,,,,,,,,,,,,,,0,,,,,
Jul-1993,194581,,186939,0,,7642,0,,,,,,,,,,,,,,,0,,,,,
Aug-1993,197322,,192230,0,,5092,0,,,,,,,,,,,,,,,0,,,,,
Sep-1993,194027,,183775,0,,10252,0,,,,,,,,,,,,,,,0,,,,,
Oct-1993,192222,,187147,0,,5075,0,,,,,,,,,,,,,,,0,,,,,
Nov-1993,209619,,202026,0,,7593,0,,,,,,,,,,,,,,,0,,,,,
Dec-1993,224811,,215563,1678,,7570,0,,,,,,,,,,,,,,,0,,,,,
Jan-1994,240895,,229206,1539,,10150,0,,,,,,,,,,,,,,,0,,,,,
Feb-1994,198661,,193027,569,,5065,0,,,,,,,,,,,,,,,0,,,,,
Mar-1994,222858,,213096,2147,,7616,0,,,,,,,,,,,,,,,0,,,,,
Apr-1994,211749,,204113,0,,7636,0,,,,,,,,,,,,,,,0,,,,,
May-1994,206131,,199367,1663,,5101,0,,,,,,,,,,,,,,,0,,,,,
Jun-1994,200582,,194458,1094,,5029,0,,,,,,,,,,,,,,,0,,,,,
Jul-1994,221166,,213486,0,,7680,0,,,,,,,,,,,,,,,0,,,,,
Aug-1994,218879,,218879,0,,0,0,,,,,,,,,,,,,,,0,,,,,
Sep-1994,209996,,207495,0,,2501,0,,,,,,,,,,,,,,,0,,,,,
Oct-1994,221627,,221627,0,,0,0,,,,,,,,,,,,,,,0,,,,,
Nov-1994,225819,,225819,0,,0,0,,,,,,,,,,,,,,,0,,,,,
Dec-1994,245477,,245477,0,,0,0,,,,,,,,,,,,,,,0,,,,,
Jan-1995,253335,,250666,158,,2511,0,,,,,,,,,,,,,,,0,,,,,
Feb-1995,235977,,233404,0,,2573,0,,,,,,,,,,,,,,,0,,,,,
Mar-1995,250349,,247578,150,,2621,0,,,,,,,,,,,,,,,0,,,,,
Apr-1995,231745,,231745,0,,0,0,,,,,,,,,,,,,,,0,,,,,
May-1995,228259,,225682,0,,2576,0,,,,,,,,,,,,,,,0,,,,,
Jun-1995,217456,,217456,0,,0,0,,,,,,,,,,,,,,,0,,,,,
Jul-1995,222652,,222652,0,,0,0,,,,,,,,,,,,,,,0,,,,,
Aug-1995,236891,,233419,824,,2648,0,,,,,,,,,,,,,,,0,,,,,
Sep-1995,227708,,223836,3872,,0,0,,,,,,,,,,,,,,,0,,,,,
Oct-1995,236003,,234284,1718,,0,0,,,,,,,,,,,,,,,0,,,,,
Nov-1995,236344,,233857,0,,2487,0,,,,,,,,,,,,,,,0,,,,,
Dec-1995,264329,,261828,0,,2502,0,,,,,,,,,,,,,,,0,,,,,
Jan-1996,263615,,259656,1499,,2460,0,,,,,,,,,,,,,,,0,,,,,
Feb-1996,233756,,230546,698,,2512,0,,,,,,,,,,,,,,,0,,,,,
Mar-1996,241526,,237668,1259,,2599,0,,,,,,,,,,,,,,,0,,,,,
Apr-1996,236857,,230928,1369,,4559,0,,,,,,,,,,,,,,,0,,,,,
May-1996,252158,,245522,4024,,2612,0,,,,,,,,,,,,,,,0,,,,,
Jun-1996,226587,,225875,711,,0,0,,,,,,,,,,,,,,,0,,,,,
Jul-1996,236864,,232908,1313,,2642,0,,,,,,,,,,,,,,,0,,,,,
Aug-1996,237858,,235199,30,,2629,0,,,,,,,,,,,,,,,0,,,,,
Sep-1996,237500,,234206,770,,0,0,,,,,,,,,,,,,,,2524,,,,,
Oct-1996,247520,,241294,1110,,5116,0,,,,,,,,,,,,,,,0,,,,,
Nov-1996,251807,,245795,982,,5031,0,,,,,,,,,,,,,,,0,,,,,
Dec-1996,271366,,263681,96,,5164,0,,,,,,,,,,,,,,,2425,,,,,
Jan-1997,278288,268310,266756,1555,9977,7560,0,,,,,,0,,,0,,,,0,0,2417,,,,,
Feb-1997,240545,232878,230352,2526,7667,7667,0,,,,,,0,,,0,,,,0,0,0,,,,,
Mar-1997,256985,254455,251328,3127,2530,2530,0,,,,,,0,,,0,,,,0,0,0,,,,,
Apr-1997,238178,235621,235431,189,2557,2557,0,,,,,,0,,,0,,,,0,0,0,,,,,
May-1997,241732,236725,234345,2380,5007,2552,2455,,,,,,0,,,0,,,,0,0,0,,,,,
Jun-1997,232118,227059,225366,1692,5059,5059,0,,,,,,0,,,0,,,,0,0,0,,,,,
Jul-1997,235593,230567,229479,1088,5026,5026,0,,,,,,0,,,0,,,,0,0,0,,,,,
Aug-1997,244684,237149,237142,6,7535,7535,0,,,,,,0,,,0,,,,0,0,0,,,,,
Sep-1997,239486,232119,232090,29,7367,5030,2337,,,,,,0,,,0,,,,0,0,0,,,,,
Oct-1997,251758,246707,245742,965,5050,5050,0,,,,,,,,,0,,,,0,0,0,,,,,
Nov-1997,272091,259656,257782,1874,12435,7542,4893,,,,,,0,,,0,,,,0,0,0,,,,,
Dec-1997,262716,255149,253338,1810,7567,7567,0,,,,,,,,,0,,,,0,0,0,,,,,
Jan-1998,286278,276173,276118,55,10105,10105,0,,,,,,,,,0,,,,0,0,0,,,,,
Feb-1998,251052,241275,239091,2184,9777,7606,2171,,,,,,,,,0,,,,0,0,0,,,,,
Mar-1998,263032,257866,257485,380,5166,5166,0,,,,,,,,,0,,,,0,0,0,,,,,
Apr-1998,253161,250612,247363,3249,2549,2549,0,,,,,,,,,0,,,,0,0,0,,,,,
May-1998,252310,244713,243868,845,7596,7596,0,,,,,,,,,0,,,,0,0,0,,,,,
Jun-1998,243442,235852,235847,5,7590,5149,2441,,,,,,,,,0,,,,0,0,0,,,,,
Jul-1998,266319,261233,259412,1821,5086,5086,0,,,,,,,,,0,,,,0,0,0,,,,,
Aug-1998,274809,269948,268535,1413,4862,2540,2321,,,,,,,,,0,,,,0,0,0,,,,,
Sep-1998,262142,257009,254752,2257,5133,5133,0,,,,,,,,,0,,,,0,0,0,,,,,
Oct-1998,266063,261040,260135,905,5023,5023,0,,,,,,,,,0,,,,0,0,0,,,,,
Nov-1998,258033,247971,247971,0,10062,5042,2353,,,,,,,,,0,,,,0,0,2667,,,,,
Dec-1998,275417,262913,261495,1418,12504,7572,2348,,,,,,,,,0,,,,0,0,2585,,,,,
Jan-1999,310790,297724,292833,4891,13066,13066,0,,,,,,,,0,0,,,,0,0,0,,,,,
Feb-1999,286412,273524,269126,4398,12888,7684,2557,,,,,,,,0,0,,,,2647,0,0,,,,,
Mar-1999,301610,288520,287769,751,13090,13090,0,,,,,,,,0,0,,,,0,0,0,,,,,
Apr-1999,271387,261258,257065,4193,10129,7637,0,,,,,,,,0,0,,,,2492,0,0,,,,,
May-1999,291454,282063,275219,6844,9391,3898,0,,,,,,,,0,0,,,,0,5493,0,,,,,
Jun-1999,279096,265218,260240,4978,13878,2528,2314,,,,,,,,0,0,,,,2417,6619,0,,,,,
Jul-1999,296422,282301,278424,3877,14121,5134,0,,,,,,,,0,0,,,,2388,6599,0,,,,,
Aug-1999,312081,294745,288717,6028,17336,2554,2302,,,,,,,,2576,0,,,,0,9904,0,,,,,
Sep-1999,302414,285441,280798,4643,16973,7593,0,,,,,,,,0,0,,,,4987,4393,0,,,,,
Oct-1999,304637,291345,287177,4168,13292,5118,2309,,,,,,,,0,0,,,,0,5865,0,,,,,
Nov-1999,305152,290977,284514,6463,14175,2440,0,,,,,,,,0,0,,,,2374,6648,2713,,,,,
Dec-1999,324050,308959,305663,3296,15091,5021,2422,,,,,,,,0,0,,,,2392,5256,0,,,,,
Jan-2000,325897,313092,310181,2911,12806,5026,0,,,,,,,,0,0,,,,0,7780,0,,,,,
Feb-2000,300107,289953,289222,730,10155,4987,0,,,,,,,,0,0,,,,0,5168,0,,,,,
Mar-2000,306596,291785,291469,316,14812,3990,0,,,,,,,,0,0,,,,2428,8393,0,,,,,
Apr-2000,294016,274637,273881,756,19378,2566,2274,,,,,,,,0,0,,,,7254,7285,0,,,,,
May-2000,287793,274616,274616,0,13176,2453,0,,,,,,,,0,0,,,,0,10723,0,,,,,
Jun-2000,296046,278529,278529,0,17517,2529,0,,,,,,,,0,2488,,,,2385,7390,2725,,,,,
Jul-2000,322285,293379,293353,27,28906,2562,2285,,,,,,,,0,2496,,2464,,4793,14307,0,,,,,
Aug-2000,318308,295365,295355,10,22943,2370,0,,,,,,,,0,2510,,2461,,7167,8435,0,,,,,
Sep-2000,304843,283131,282921,209,21713,2556,1270,,,,,,,,0,2658,,2740,,7625,4864,0,,,,,
Oct-2000,324527,297137,296022,1115,27390,7570,0,,,,,,2760,,0,2503,,,,7165,7392,0,,,,,
Nov-2000,329759,310567,309337,1231,19192,2552,116,,,,,,,,0,0,,2333,,7241,6950,0,,,,,
Dec-2000,371425,353376,349079,4297,18049,7786,0,,,,,,,,,0,,,,0,10262,0,,,,,
Jan-2001,373077,354873,352457,2416,18204,5020,0,0,,,,,0,,0,2478,,0,,0,10707,0,,,,,
Feb-2001,328289,306190,305051,1139,22099,7658,0,0,,,,,0,,0,5068,,2738,,0,6635,0,,,,,
Mar-2001,358103,334858,333376,1482,23245,7606,0,0,,,,,0,,0,2535,,0,,2400,10704,0,,,,,
Apr-2001,318573,296560,294458,2102,22013,5009,0,0,,,,,0,,0,4822,,1702,,2452,8028,0,,,,,
May-2001,321878,294734,294577,157,27144,7572,0,0,,,,,0,,0,5067,,0,,4975,9530,0,,,,,
Jun-2001,317414,290824,290824,0,26589,3943,0,0,,,,,0,,0,7547,,1616,,3076,10407,0,,,,,
Jul-2001,364571,339472,339472,0,25099,7754,1187,0,,,,,0,,0,2888,,1635,,4934,6701,0,,,,,
Aug-2001,353338,334220,334220,0,19118,5058,1207,0,,,,,0,,0,2606,,2728,,0,7519,0,,,,,
Sep-2001,314864,293037,293037,0,21827,5087,0,0,,,,,0,,0,4955,,1635,,4919,5230,0,,,,,
Oct-2001,326114,314389,314389,0,11725,2491,0,0,,,,,0,,0,0,,0,,0,9234,0,,,,,
Nov-2001,291044,283195,283035,160,7850,2510,0,0,,,,,0,,0,0,,0,,0,5340,0,,,,,
Dec-2001,309673,296461,293640,2821,13212,5237,0,0,,,,,0,,0,0,,0,,0,7975,0,,,,,
Jan-2002,343481,335437,334481,956,8043,2726,0,0,,,,,0,,0,0,,0,,0,5318,0,,,0,,
Feb-2002,305917,298346,297548,798,7571,0,0,0,,,,,0,,0,0,,0,,0,7571,0,,,0,,
Mar-2002,332596,322445,322445,0,10151,0,0,0,,,,,0,,0,0,,0,,0,10151,0,,,0,,
Apr-2002,315116,297903,297903,0,17213,1912,0,0,,,,,0,,0,0,,0,,5030,10271,0,,,0,,
May-2002,319404,291312,291312,0,28092,7344,0,2401,,,,,0,,2423,0,,0,,5612,10312,0,,,0,,
Jun-2002,318002,292178,292178,0,25824,4665,0,0,,,,,0,,0,0,,0,,13903,7256,0,,,0,,
Jul-2002,344641,323240,323240,0,21400,4665,0,0,,,,,0,,0,0,,0,,5375,11360,0,,,0,,
Aug-2002,356013,331839,331839,0,24174,0,0,0,,,,,0,,0,2720,,3013,,2644,15796,0,,,0,,
Sep-2002,335594,318707,318707,0,16886,0,0,0,,,,,0,,0,0,,0,,2517,14369,0,,,0,,
Oct-2002,343427,316006,316006,0,27421,0,0,0,,,,,0,,0,5403,,0,,0,22018,0,,,0,,
Nov-2002,330544,308739,308739,0,21804,2636,0,0,,,,,0,,0,0,,0,,0,19169,0,,,0,,
Dec-2002,370729,350581,350581,0,20147,2636,0,0,,,,,0,,0,0,,0,,0,17512,0,,,0,,
Jan-2003,359168,336055,336055,0,23113,0,0,0,,,,,0,,0,0,,0,,0,23113,0,,,0,,
Feb-2003,308804,287797,287797,0,21007,0,0,0,,,,,0,,0,0,,0,,0,21007,0,,,0,,
Mar-2003,324364,293362,293362,0,31002,2778,0,0,,,,,0,,0,0,,0,,1871,26353,0,,,0,,
Apr-2003,314655,281973,281973,0,32682,10893,0,0,,,,,0,,0,2604,,0,,0,19184,0,,,0,,
May-2003,325157,279344,279344,0,45814,4190,0,0,,,,,0,,0,11288,,0,,0,30336,0,,,0,,
Jun-2003,306878,258964,258964,0,47914,2788,0,0,,,,,0,,0,11237,,0,,0,33889,0,,,0,,
Jul-2003,340532,282729,282729,0,57803,5462,0,0,,,,,0,,2704,2770,,0,,2993,43874,0,,,0,,
Aug-2003,331628,282616,282616,0,49012,2768,0,0,,,,,0,,0,8132,,2646,,0,35466,0,,,0,,
Sep-2003,320676,266841,266841,0,53835,8191,0,0,,,,,0,,0,8250,,2322,,5760,29312,0,,,0,,
Oct-2003,331005,273482,273482,0,57523,10910,0,0,,,,,0,,0,5787,,0,,2999,37828,0,,,0,,
Nov-2003,316721,269978,269978,0,46743,2784,0,0,,,,,0,,0,0,,3664,,0,40295,0,,,0,,
Dec-2003,364161,324089,324089,0,40072,2659,0,0,,,,,0,,0,0,,0,,0,37414,0,,,0,,
Jan-2004,373195,319783,319783,0,53413,7223,0,0,,,,,0,,0,0,,3041,,0,43148,0,,,0,,
Feb-2004,345930,296970,296970,0,48959,8075,0,0,,,,,0,,0,0,,0,,0,40884,0,,,0,,
Mar-2004,348992,299959,299959,0,49033,10909,0,0,,,,,0,,0,0,,0,,0,38124,0,,,0,,
Apr-2004,325105,279043,279043,0,46061,7998,0,0,,,,,0,,0,0,,0,,2925,35138,0,,,0,,
May-2004,326541,273379,273379,0,53162,5367,2945,0,,,,,0,,2667,0,,3203,,2999,35980,0,,,0,,
Jun-2004,341934,284744,284744,0,57190,15559,2918,0,,,,,0,,0,2983,,0,,0,34230,0,,,1500,,
Jul-2004,374651,299561,299561,0,75090,10803,5984,0,,,,,0,,11336,2931,,3167,,2926,37942,0,,,0,,
Aug-2004,360244,300740,300740,0,59504,21788,0,0,,,,,0,,0,0,,0,,0,37716,0,,,0,,
Sep-2004,344621,287583,287583,0,57038,7418,0,0,,,,,0,,5996,2917,,0,,0,40708,0,,,0,,
Oct-2004,335533,287786,287786,0,47748,8407,0,0,,,,,0,,0,0,,0,,3004,36337,0,,,0,,
Nov-2004,368685,327506,327506,0,41179,2810,0,0,,,,,0,,0,0,,0,,0,38369,0,,,0,,
Dec-2004,413128,349489,349489,0,63638,13986,3143,0,,,,,0,,0,2986,,0,,0,43523,0,,,0,,
Jan-2005,405016,347187,347187,0,57829,5964,0,0,,0,,,0,,2986,2681,,2464,,0,43735,0,,,0,,
Feb-2005,356495,302957,302957,0,53538,11309,0,0,,0,,,0,,0,0,,0,,2986,39244,0,,,0,,
Mar-2005,379650,333765,333485,280,45885,2817,0,0,,0,,,0,,2624,0,,0,,0,40444,0,,,0,,
Apr-2005,326147,278581,278501,80,47567,9004,0,0,,2854,,,0,,0,0,,0,,0,35709,0,,,0,,
May-2005,333997,281369,281172,197,52628,11420,0,0,,0,,,0,,0,0,,0,,0,41207,0,,,0,,
Jun-2005,321710,265332,265332,0,56377,12007,0,0,,2865,,,0,,0,0,,0,,0,41505,0,,,0,,
Jul-2005,386093,332952,332683,269,53141,6028,0,0,,5926,,,0,,0,0,,0,,0,41187,0,,,0,,
Aug-2005,351805,308175,308175,0,43630,3170,0,0,,11127,,,0,,0,2574,,0,,0,26759,0,,,0,,
Sep-2005,345907,294082,293028,1055,51824,6016,0,0,,11036,,,0,,0,0,,0,,0,34772,0,,,0,,
Oct-2005,366305,306729,305823,906,59576,11837,0,0,,8523,,,0,,3109,2895,,0,,0,33212,0,,,0,,
Nov-2005,359387,301411,298722,2689,57977,8954,0,0,,18945,,,0,,0,0,,0,,0,30077,0,,,0,,
Dec-2005,408522,357234,353390,3844,51288,8630,0,0,,11263,,,0,,0,0,,0,,0,31394,0,,,0,,
Jan-2006,360316,320850,319501,1349,39466,2988,0,0,,2970,,,0,,0,3028,,0,,0,30480,0,,,0,,
Feb-2006,321045,282308,281822,486,38737,2802,0,0,,5261,,,0,,0,3053,,0,,0,27620,0,,,0,,
Mar-2006,348293,315065,314374,691,33228,3019,0,0,,0,,,0,,0,0,,0,,0,30209,0,,,0,,
Apr-2006,332248,273456,273386,70,58792,2804,0,0,,13560,,,0,,0,5991,,0,,0,36437,0,,,0,,
May-2006,350535,283263,283133,130,67271,0,0,0,,19826,,,0,,0,3100,,0,,0,44346,0,,,0,,
Jun-2006,348095,286389,286389,0,61705,2808,0,0,,14334,,,0,,0,5996,,0,,0,38568,0,,,0,,
Jul-2006,370925,313374,313374,0,57550,3028,0,0,,15004,,,0,,0,6129,,0,,0,33390,0,,,0,,
Aug-2006,364972,312849,312849,0,52122,0,0,0,,8880,,,0,,0,6199,,0,,0,37043,0,,,0,,
Sep-2006,333514,293510,290227,3283,40004,0,0,0,,8782,,,0,,0,6025,,0,,0,25197,0,,,0,,
Oct-2006,334016,297831,296395,1436,36185,0,0,0,,2551,,,0,,0,8957,,0,,0,24677,0,,,0,,
Nov-2006,339118,291883,290480,1403,47236,0,0,0,,16921,,,0,,0,5732,,0,,0,24583,0,,,0,,
Dec-2006,383205,331964,328063,3901,51240,0,0,0,,11440,,,0,,0,3082,,0,,0,36718,0,,,0,,
Jan-2007,393140,339699,335584,4115,53441,2521,0,0,,8803,0,,0,,0,5325,0,0,,0,36792,0,,,0,,
Feb-2007,372874,328773,321258,7515,44101,0,0,0,,5778,0,,0,,0,5743,0,0,,0,32581,0,,,0,,
Mar-2007,401779,314931,308619,6312,86848,8686,0,0,,14783,0,,0,,0,9085,0,0,,0,54295,0,,,0,,
Apr-2007,386837,288095,278700,9395,98742,24496,0,0,,14218,0,,0,,0,9042,0,0,,0,50986,0,,,0,,
May-2007,380213,285893,283124,2770,94319,23648,0,0,,14914,0,,0,,0,14970,0,0,,3040,37747,0,,,0,,
Jun-2007,381470,294883,291209,3674,86587,12309,0,0,,14804,2910,,0,,0,20312,0,0,,5926,30327,0,,,0,,
Jul-2007,418576,320231,314851,5381,98344,0,0,0,,11948,8989,,0,,0,12442,0,0,,3098,61866,0,,,0,,
Aug-2007,426534,339062,334705,4357,87471,2817,0,0,,11585,5896,,0,,0,15005,0,0,,6287,45881,0,,,0,,
Sep-2007,361383,319730,317767,1963,41654,2822,0,0,,11985,0,,0,,0,3105,0,0,,0,23741,0,,,0,,
Oct-2007,347224,315286,313685,1601,31939,0,0,0,,2789,0,,0,,0,0,0,0,,0,29149,0,,,0,,
Nov-2007,340607,314068,311065,3003,26539,0,0,0,,2973,0,,0,,0,0,0,0,,0,23566,0,,,0,,
Dec-2007,396945,376118,372142,3976,20826,0,0,0,,0,0,,0,,0,0,0,0,,0,20826,0,,,0,,
Jan-2008,389651,361237,360093,1144,28414,0,0,0,,2961,0,,0,,0,0,0,0,,0,25453,0,,,0,,
Feb-2008,349660,326061,326061,0,23599,0,0,0,,0,0,,0,,0,0,2973,0,,0,20626,0,,,0,,
Mar-2008,366810,343104,341692,1412,23707,0,0,0,,0,0,,0,,0,0,2944,0,,0,20763,0,,,0,,
Apr-2008,322122,289904,289791,113,32218,0,0,0,,3106,0,,0,,0,3042,0,0,,0,26070,0,,,0,,
May-2008,297154,265557,261429,4128,31597,0,0,0,,3091,0,,0,,0,0,3034,0,,0,25472,0,,,0,,
Jun-2008,286919,253846,251211,2635,33073,0,0,0,,6317,0,,0,,0,3062,0,0,,3108,20587,0,,,0,,
Jul-2008,322810,291791,288256,3536,31019,0,0,0,,6423,0,,0,,0,0,0,0,,0,24596,0,,,0,,
Aug-2008,328663,293283,288893,4389,35380,0,0,0,,3035,0,,0,,0,3153,2863,0,,0,26330,0,,,0,,
Sep-2008,313868,282101,275598,6502,31767,0,0,0,,9020,0,,0,,0,2792,0,0,,0,19956,0,,,0,,
Oct-2008,321328,293914,287649,6265,27415,0,0,0,,3044,0,,0,,0,0,0,0,,0,24371,0,,,0,,
Nov-2008,320254,297452,291427,6025,22802,0,0,0,,9181,0,,0,,0,0,0,0,,0,13621,0,,,0,,
Dec-2008,364862,334154,326990,7164,30708,0,0,0,,8663,0,,0,,0,0,3067,0,,0,18978,0,,,0,,
Jan-2009,356749,329817,324189,5629,26932,0,0,0,,5142,0,,0,,0,0,2965,0,,0,18825,0,,,0,,
Feb-2009,321522,293657,293238,419,27865,0,0,0,,5846,0,,0,,0,0,6000,0,,0,16019,0,,,0,,
Mar-2009,325165,293580,293074,506,31585,0,0,0,,11627,0,,0,,0,0,2894,0,,0,17064,0,,,0,,
Apr-2009,321848,265807,259187,6621,56041,0,0,0,,21898,0,,0,,0,8050,5880,0,,0,20212,0,,,0,,
May-2009,265793,217001,215573,1428,48792,0,0,0,,14996,0,,0,,0,0,2911,0,,0,30885,0,,,0,,
Jun-2009,281970,231217,229853,1363,50754,0,0,0,,14274,0,,0,,0,0,2906,0,,0,33574,0,,,0,,
Jul-2009,316715,272463,269971,2492,44252,0,0,0,,14376,0,,0,,0,2772,5771,0,,0,21334,0,,,0,,
Aug-2009,336848,302255,299003,3252,34593,0,0,0,,17432,0,,0,,0,0,0,0,,0,17161,0,,,0,,
Sep-2009,307026,274840,274277,563,32186,0,0,0,,14208,0,,0,,0,2484,0,0,,0,15493,0,,,0,,
Oct-2009,273124,246067,243648,2419,27057,0,0,0,,14510,0,,0,,0,0,0,0,,0,12547,0,,,0,,
Nov-2009,294918,258186,257807,379,36731,0,0,0,,11694,0,,0,,0,0,0,0,,8495,16543,0,,,0,,
Dec-2009,349682,314512,311287,3225,35170,0,0,0,,14432,0,,0,,0,0,0,0,,4192,16545,0,,,0,,
Jan-2010,384586,328175,326688,1488,56410,0,0,0,,16826,0,,0,,0,0,5820,0,0,11901,21863,0,,0,0,,
Feb-2010,324124,278308,277369,939,45816,0,0,0,,11572,0,,0,,0,0,5888,0,,6429,15979,0,,5948,0,,
Mar-2010,318769,281677,276432,5245,37092,0,0,0,,8780,0,,0,,0,2564,5765,0,,734,16165,0,,3085,0,,
Apr-2010,298464,256909,252008,4901,41555,0,0,0,,5823,0,,0,,0,8745,2813,0,,8946,15228,0,,,0,,
May-2010,297801,260993,256576,4417,36808,0,0,0,,9118,0,,0,,0,8805,0,0,,0,16274,0,,2611,0,,
Jun-2010,282260,249738,247573,2165,32521,0,0,0,,5714,0,,0,,0,11093,0,0,,0,10701,0,,5013,0,,
Jul-2010,328655,292383,290904,1479,36271,0,0,0,,6054,0,,0,,0,5295,0,0,,0,16604,0,,8319,0,,
Aug-2010,304901,283321,281847,1475,21580,0,0,0,,0,0,,0,,0,0,0,0,,0,16512,0,,5067,0,,
Sep-2010,281518,252926,249805,3121,28592,0,0,0,,6150,0,,0,,0,2857,0,0,3229,0,16357,0,,,0,,
Oct-2010,294744,260680,257075,3605,34064,0,0,0,,2955,0,,0,,0,2374,5728,0,3234,4535,15238,0,,,0,,
Nov-2010,273165,241582,241567,15,31583,0,0,0,,0,0,,0,,0,0,0,0,3206,8750,13653,0,,5975,0,,
Dec-2010,351773,323054,321910,1145,28718,0,0,0,,0,0,,0,,0,0,0,0,6377,4288,15175,0,,2879,0,,
Jan-2011,371919,331655,331565,90,40264,0,0,0,,2971,0,,0,,0,0,2909,0,3175,12820,15701,0,,2688,0,,
Feb-2011,311154,279147,278731,416,32006,0,0,0,,5780,0,,0,,0,0,5810,0,3338,0,11488,0,,5591,0,,
Mar-2011,315408,276870,276557,313,38538,0,0,0,,5800,0,,0,,0,0,0,0,3477,13896,9900,0,,5465,0,,
Apr-2011,277936,244811,244667,145,33125,0,0,0,,5885,0,,0,,0,0,0,0,6630,4100,10554,0,,5958,0,,
May-2011,271252,236032,235883,149,35220,0,0,0,,2889,0,,0,,0,0,0,0,,24205,8126,0,,,0,,
Jun-2011,266617,239270,239223,47,27347,0,0,0,,5869,0,,0,,0,0,0,0,,4900,10971,0,,5608,0,,
Jul-2011,293477,273250,273097,153,20226,0,0,0,,0,0,,0,,0,0,0,0,,4565,12792,0,,2869,0,,
Aug-2011,280284,250028,249934,93,30256,0,0,0,,0,0,,0,,0,2362,0,0,,8084,10715,0,,9095,0,,
Sep-2011,251846,231467,231392,74,20380,0,0,0,,0,0,,0,,0,0,0,0,,3546,8106,0,,8728,0,,
Oct-2011,282159,251450,250746,704,30709,0,0,0,,2969,0,,0,,0,0,2900,0,,8106,8088,0,,8646,0,,
Nov-2011,248908,233640,233339,301,15268,0,0,0,,0,0,,0,,0,0,0,0,,3214,12054,0,,,0,,
Dec-2011,297733,272133,271946,187,25600,0,0,0,,2956,0,,0,,0,0,3556,0,,3536,10127,0,,5424,0,,
Jan-2012,281131,265323,265292,31,15808,0,0,0,,0,0,,0,,0,0,0,0,0,3521,9482,0,,2805,0,,
Feb-2012,269906,249762,249731,31,20144,0,0,0,,2811,0,,0,,0,0,3286,0,0,0,11283,0,,2765,0,,
Mar-2012,265152,245881,245844,37,19271,0,0,0,,0,0,,0,,0,0,0,0,0,3522,13029,0,,2721,0,,
Apr-2012,243018,235466,235430,36,7552,0,0,0,,0,0,,0,,0,0,0,0,0,3515,1447,0,,2589,0,,
May-2012,259023,242811,242781,30,16212,0,0,0,,0,0,,0,,0,0,0,0,0,5601,10611,0,,0,0,,
Jun-2012,259732,251476,251447,29,8256,0,0,0,,0,0,,0,,0,0,0,0,0,0,8256,0,,0,0,,
Jul-2012,281166,265808,265792,17,15358,0,0,0,,0,0,,0,,0,0,0,0,0,3012,12345,0,,0,0,,
Aug-2012,281350,262250,262219,31,19100,0,0,0,,0,0,,0,,0,0,0,0,0,3017,16084,0,,0,0,,
Sep-2012,257990,246489,246487,2,11501,0,0,0,,0,0,,0,,0,0,0,0,0,3017,8484,0,,0,0,,
Oct-2012,253402,243051,243031,20,10351,0,0,0,,0,0,,0,,0,0,0,0,0,5603,4748,0,,0,0,,
Nov-2012,233853,219643,219615,28,14210,0,0,0,,0,0,,0,,0,0,0,0,0,3015,8297,0,,2899,0,,
Dec-2012,252066,235180,235157,22,16886,0,0,0,,0,0,,0,,0,0,2927,0,0,0,8143,0,,5816,0,,
Jan-2013,278078,264580,264561,19,13497,0,0,0,0,0,0,,0,,0,0,0,0,0,0,10770,0,,2728,0,,
Feb-2013,236875,225497,225479,18,11378,0,0,0,0,0,0,,0,,0,0,0,0,0,3657,7722,0,,0,0,,
Mar-2013,248290,239999,239979,20,8292,0,0,0,0,0,0,,0,,0,0,0,0,0,3663,4629,0,,0,0,,
Apr-2013,220608,215438,215418,20,5171,0,0,0,0,0,0,,0,,0,0,0,0,0,0,5171,0,,0,0,,
May-2013,234183,228558,228544,14,5626,0,0,0,0,0,0,,0,,0,0,0,0,0,0,5626,0,,0,0,,
Jun-2013,236690,228644,228616,28,8046,0,0,0,0,0,0,,0,,0,0,0,0,0,0,8046,0,,0,0,,
Jul-2013,236199,228087,227905,182,8111,0,0,0,88,0,0,,0,,0,0,0,0,0,0,8023,0,,0,0,,
Aug-2013,236248,227439,227274,164,8809,0,0,0,139,0,0,,0,,0,0,2709,0,0,0,5961,0,,0,0,,
Sep-2013,243881,226931,226782,148,16950,0,0,0,139,0,0,,0,,0,2590,2918,0,0,0,8540,0,,2763,0,,
Oct-2013,220430,214871,214707,164,5559,0,0,0,79,0,0,,0,,0,0,0,0,0,0,2674,0,,2806,0,,
Nov-2013,218693,216001,215857,144,2692,0,0,0,109,0,0,,0,,0,0,0,0,0,0,2583,0,,0,0,,
Dec-2013,273181,270453,270304,148,2728,0,0,0,0,0,0,,0,,0,0,0,0,0,0,0,0,,2728,0,,
Jan-2014,295356,286787,286650,137,8536,0,0,0,0,0,0,,0,,0,0,0,0,0,0,6207,0,,2329,0,33,33
Feb-2014,245422,241571,241434,137,3824,0,0,0,41,0,0,,0,,0,0,0,0,0,0,3783,0,,0,0,27,27
Mar-2014,234189,231458,231333,125,2701,0,0,0,0,0,0,,0,,0,0,0,0,0,0,2701,0,,0,0,30,30
Apr-2014,200669,197634,197519,114,3006,0,0,0,0,0,0,,0,,0,0,0,0,0,0,3006,0,,0,0,29,29
May-2014,206657,203841,203713,128,2806,0,0,0,0,0,0,,0,,0,0,0,0,0,0,0,0,,2806,0,9,9
Jun-2014,201655,191829,191701,127,9800,0,0,0,0,0,0,,0,,0,0,0,0,0,0,7097,0,,0,2703,26,26
Jul-2014,201176,194850,194729,121,6305,0,0,0,0,0,0,,0,,0,0,0,0,0,0,6305,0,,0,0,20,20
Aug-2014,206554,204968,204845,124,1567,0,0,0,0,0,0,,0,,0,0,0,0,0,0,1567,0,,0,0,19,19
Sep-2014,201622,195856,195743,113,5745,0,0,0,0,0,0,,0,,0,0,0,0,0,0,2874,0,,2871,0,22,22
Oct-2014,220858,213858,213743,115,6973,0,0,0,63,0,0,,0,,0,0,2621,0,0,0,4289,0,,0,0,27,27
Nov-2014,227485,227457,227362,95,0,0,0,0,0,0,0,,0,,0,0,0,0,0,0,0,0,,0,0,28,28
Dec-2014,253736,245694,245603,91,8011,0,0,0,28,0,0,,0,,0,0,2995,0,0,0,4988,0,,0,0,32,32
Jan-2015,279397,267751,267666,85,11616,0,0,0,0,0,0,,0,,0,0,0,0,0,0,9382,0,,2234,0,30,30
Feb-2015,254230,241996,241917,79,12202,0,0,0,0,0,0,,0,,0,0,0,0,0,0,9830,0,,2373,0,32,32
Mar-2015,257274,242585,242508,77,14651,0,0,0,46,0,0,,0,,0,0,0,0,0,0,11770,0,,2834,0,38,38
Apr-2015,205120,202209,202133,76,2883,0,0,0,39,0,0,,0,,0,0,0,0,0,0,2844,0,,0,0,28,28
May-2015,204348,202623,202545,78,1707,0,0,0,34,0,0,,0,,0,0,0,0,0,0,1673,0,,0,0,19,19
Jun-2015,206273,203656,203583,73,2598,0,0,0,41,0,0,,0,,0,0,0,0,0,0,2557,0,,0,0,19,19
Jul-2015,216973,209779,209698,80,7173,0,0,0,41,0,0,,0,,0,0,0,0,0,0,7133,0,,0,0,21,21
Aug-2015,213875,202649,202567,82,11205,0,0,0,44,0,0,,0,,0,0,0,0,0,0,11161,0,,0,0,21,21
Sep-2015,208818,203150,203066,83,5654,0,0,0,45,0,0,,0,,0,0,0,0,0,0,5609,0,,0,0,15,15
Oct-2015,226286,217576,217493,83,8689,0,0,0,43,0,0,,0,,0,0,5992,0,0,0,2653,0,,0,0,21,21
Nov-2015,218242,210704,210632,72,7515,0,0,0,45,0,0,,0,,0,0,3097,0,0,0,4373,0,,0,0,23,23
Dec-2015,227257,221613,221550,64,5618,0,0,0,59,0,0,,0,,0,0,3105,0,0,0,2453,0,,0,0,26,26
Jan-2016,273600,261521,261462,59,12048,0,0,0,97,0,0,,0,,0,0,0,0,0,0,11951,0,,0,0,30,30
Feb-2016,251775,242019,241948,70,9728,0,0,0,116,0,0,,0,,0,0,0,0,0,0,9612,0,,0,0,29,29
Mar-2016,240764,232164,232095,69,8568,0,0,0,65,0,0,,0,,0,0,0,0,0,0,8503,0,,0,0,33,33
Apr-2016,241317,236522,236451,71,4767,0,0,0,74,0,0,,0,,0,0,0,0,0,0,4693,0,,0,0,28,28
May-2016,248317,243088,243017,72,5200,0,0,0,113,0,0,,0,,0,0,0,0,0,0,5087,0,,0,0,29,29
Jun-2016,241885,234229,234145,83,7638,0,0,0,118,0,0,,0,,0,0,0,0,0,0,7520,0,,0,0,19,19
Jul-2016,265022,259224,259132,92,5773,0,0,0,70,0,0,,0,,0,0,0,0,0,0,5703,0,,0,0,25,25
Aug-2016,261983,253883,253793,90,8082,0,0,0,84,0,0,,0,,0,0,0,0,0,0,7998,0,,0,0,17,17
Sep-2016,238491,235594,235512,82,2882,0,0,0,72,0,0,,0,,0,0,0,0,0,0,2810,0,,0,0,15,15
Oct-2016,231449,225671,225588,83,5753,0,0,0,58,0,0,,0,,0,0,0,0,0,0,5696,0,,0,0,25,25
Nov-2016,231044,221949,221866,83,9073,0,0,0,41,0,0,,0,,0,0,3253,0,0,0,5779,0,,0,0,22,22
Dec-2016,280791,271910,271845,64,8854,0,0,0,16,0,0,,0,,0,0,0,0,0,0,8838,0,,0,0,27,27
Jan-2017,291656,278666,278584,83,12955,0,0,0,18,0,0,,0,,0,2753,0,0,0,0,10183,0,,0,0,35,35
Feb-2017,254597,246094,246020,74,8477,0,0,0,8,0,0,,0,,0,0,0,0,0,0,8468,0,,0,0,26,26
Mar-2017,280567,275656,275573,83,4878,0,0,0,8,0,0,,0,,0,0,0,0,0,0,4870,0,,0,0,34,34
Apr-2017,238279,233077,232998,79,5171,0,0,0,186,0,0,,0,,0,0,0,0,0,0,4985,0,,0,0,31,31
May-2017,244353,238831,238753,78,5494,0,0,0,220,0,0,,0,,0,0,0,0,0,0,5275,0,,0,0,28,28
Jun-2017,239805,234140,234061,78,5637,0,0,0,212,0,0,,0,,0,0,0,0,0,0,5425,0,,0,0,29,29
Jul-2017,250508,245292,245212,80,5189,0,0,0,215,0,0,,0,,0,0,0,0,0,0,4974,0,,0,0,27,27
Aug-2017,247888,239997,239935,63,7862,0,0,0,226,0,0,,0,,0,0,0,0,0,0,7636,0,,0,0,28,28
Sep-2017,229444,226769,226700,68,2650,0,0,0,183,0,0,,0,,0,0,0,0,0,0,2467,0,,0,0,25,25
Oct-2017,241338,238859,238779,81,2457,0,0,0,120,0,0,,0,,0,0,0,0,0,0,2337,0,,0,0,22,22
Nov-2017,240314,233906,233830,76,6378,0,0,0,165,0,0,,0,,0,0,0,0,0,0,6213,0,,0,0,30,30
Dec-2017,274478,263583,263079,504,10864,0,0,0,8,0,0,,0,,0,3239,0,0,0,0,7617,0,,0,0,31,31
Jan-2018,299891,283223,283093,130,16640,0,0,0,10,0,0,,0,,0,0,0,0,0,0,13511,0,3119,0,0,28,28
Feb-2018,237417,230617,229812,805,6771,0,0,0,21,0,0,,0,,0,0,0,0,0,0,6750,0,,0,0,29,29
Mar-2018,270762,264248,264129,119,6473,0,0,0,54,0,0,2768,0,,0,0,0,0,0,0,3650,0,,0,0,42,42
Apr-2018,242264,239095,239027,68,3131,0,0,0,196,0,0,,0,,0,0,0,0,0,0,2934,0,,0,0,39,39
May-2018,227168,224488,224298,190,2653,0,0,0,224,0,0,,0,,0,0,0,0,0,0,2429,0,,0,0,27,27
Jun-2018,228469,225537,225297,240,2904,0,0,0,216,0,0,,0,,0,0,0,0,0,0,2688,0,,0,0,28,28
Jul-2018,247012,241382,240422,960,5602,0,0,0,226,0,0,,0,,0,0,0,0,0,0,5376,0,,0,0,28,28
Aug-2018,237025,231529,231007,522,5473,0,0,0,242,0,0,,0,,0,0,0,0,0,0,5231,0,,0,0,23,23
Sep-2018,214074,210896,210828,68,3154,0,0,0,194,0,0,,0,,0,0,0,0,0,0,2961,0,,0,0,24,24
Oct-2018,215128,209023,208954,69,6075,0,0,0,379,0,0,,0,,0,0,0,0,0,0,5696,0,,0,0,30,30
Nov-2018,212486,209652,209573,79,2805,0,0,0,70,0,0,,0,,0,0,0,0,0,0,2734,0,,0,0,30,30
Dec-2018,257148,242347,242282,66,14771,0,0,0,53,0,0,,0,,0,2860,0,0,0,0,11859,0,,0,0,30,30
Jan-2019,290886,276363,276296,67,14482,0,0,0,78,0,0,2651,0,,0,0,0,0,0,0,11753,0,,0,0,42,42
Feb-2019,233344,225750,225650,100,7555,0,0,0,56,0,0,,0,,0,0,0,0,0,0,7499,0,,0,0,39,39
Mar-2019,252989,249443,249309,133,3499,0,0,0,44,0,0,,0,,0,0,0,0,0,0,3456,0,,0,0,47,47
Apr-2019,206559,203685,203620,65,2842,0,0,0,31,0,0,,0,,0,0,0,0,0,0,2811,0,,0,0,32,32
May-2019,207651,207613,207535,78,9,0,0,0,9,0,0,,0,,0,0,0,0,0,0,0,0,,0,0,29,29
Jun-2019,201163,201133,201069,64,5,0,0,0,5,0,0,,0,,0,0,0,0,0,0,0,0,,0,0,26,26
Jul-2019,230407,227550,227488,62,2832,0,0,0,0,0,0,,0,,0,0,0,0,0,0,2832,0,,0,0,26,26
Aug-2019,220076,217167,217054,114,2886,0,0,0,0,0,0,,0,,0,0,0,0,0,0,2886,0,,0,0,23,23
Sep-2019,208286,208264,208201,63,0,0,0,0,0,0,0,,0,,0,0,0,0,0,0,0,0,,0,0,22,22
Oct-2019,210537,204977,204908,69,5532,0,0,0,0,0,0,,0,,0,0,0,0,0,0,5532,0,,0,0,28,28
Nov-2019,223765,220952,220843,109,2781,0,0,0,1,0,0,,0,,0,0,0,0,0,0,2780,0,,0,0,31,31
Dec-2019,256053,245539,244590,949,10481,0,0,0,3,0,0,,0,,0,3154,0,0,0,0,7323,0,,0,0,33,33
Jan-2020,262080,248824,248524,300,13218,0,0,0,1,0,0,,0,,0,1584,3032,0,0,0,8602,0,,0,0,38,38
Feb-2020,238328,232624,232269,355,5689,0,0,0,1,0,0,,0,,0,0,0,0,0,0,5689,0,,0,0,15,15
Mar-2020,213231,210337,210237,100,2860,0,0,0,3,0,0,,0,,0,0,0,0,0,0,2857,0,,0,0,34,34
Apr-2020,190049,186812,186752,60,3214,0,0,0,0,0,0,,0,,0,0,0,0,0,0,3214,0,,0,0,23,23
May-2020,186518,183681,183618,63,2811,0,0,0,0,0,0,,0,,0,0,0,0,0,0,2811,0,,0,0,26,26
Jun-2020,187478,182571,182539,32,4871,0,0,0,0,0,0,,0,,0,2693,0,0,0,0,2178,0,,0,0,36,36
Jul-2020,210419,206315,206195,119,4083,0,0,0,4,0,0,,0,,0,0,0,0,0,0,4078,0,,0,0,22,22
Aug-2020,211352,208445,208069,376,2883,0,0,0,9,0,0,,0,,0,0,0,0,0,0,2874,0,,0,0,24,24
Sep-2020,174225,172968,172869,99,1241,0,0,0,6,0,0,,0,,0,0,0,0,0,0,1235,0,,0,0,17,17
Oct-2020,199306,199273,199184,89,8,0,0,0,8,0,0,,0,,0,0,0,0,0,0,0,0,,0,0,25,25
Nov-2020,211570,208704,208648,57,2846,0,0,0,4,0,0,,0,,0,0,0,0,0,0,2841,0,,0,0,20,20
Dec-2020,266618,261108,261053,56,5489,0,0,0,7,0,0,,0,,0,2629,0,0,0,0,2853,0,,0,0,20,20
Jan-2021,284065,277665,277608,57,6379,0,0,0,3,0,0,,0,,0,0,0,0,0,0,6376,0,,0,0,21,21
Feb-2021,271877,266160,265227,933,5694,0,0,0,7,0,0,,0,,0,0,0,0,0,0,5688,0,,0,0,23,23
Mar-2021,238724,237292,237236,56,1409,0,0,0,2,0,0,,0,,0,0,0,0,0,0,1406,0,,0,0,23,23
Apr-2021,208369,208342,208290,52,8,0,0,0,8,0,0,,0,,0,0,0,0,0,0,0,0,,0,0,19,19
May-2021,204890,203194,203154,40,1675,0,0,0,13,0,0,,0,,0,0,0,0,0,0,1662,0,,0,0,21,21
Jun-2021,207859,207835,207811,24,11,0,0,0,11,0,0,,0,,0,0,0,0,0,0,0,0,,0,0,13,13
Jul-2021,227779,226033,225984,49,1735,0,0,0,22,0,0,,0,,0,0,0,0,0,0,1714,0,,0,0,10,10
Aug-2021,220959,220929,220830,99,22,0,0,0,22,0,0,,0,,0,0,0,0,0,0,0,0,,0,0,9,9
Sep-2021,220206,218947,218703,244,1246,0,0,0,25,0,0,,0,,0,0,0,0,0,0,1221,0,,0,0,13,13
Oct-2021,228203,228156,228101,55,24,0,0,0,24,0,0,,0,,0,0,0,0,0,0,0,0,,0,0,23,23
Nov-2021,242405,240639,240587,52,1744,0,0,0,15,0,0,,0,,0,0,0,0,0,0,1729,0,,0,0,22,22
Dec-2021,252626,250963,250906,57,1641,0,0,0,13,0,0,,0,,0,0,0,0,0,0,1628,0,,0,0,22,22
Jan-2022,296248,289757,289703,54,6456,0,0,0,75,0,0,,0,,0,0,0,0,0,0,6381,0,,0,0,35,35
Feb-2022,257977,253436,253247,189,4503,0,0,0,55,0,0,,0,,0,0,0,0,0,0,4448,0,,0,0,38,38
Mar-2022,259499,256816,256763,53,2649,0,0,0,49,0,0,,0,,0,0,0,0,0,0,2600,0,,0,0,34,34
Apr-2022,244998,244816,244792,24,151,0,0,0,151,0,0,,0,,0,0,0,0,0,0,0,0,,0,0,31,31
May-2022,230899,230218,230195,24,645,0,0,0,163,0,0,,0,,0,0,0,0,0,0,482,0,,0,0,36,36
Jun-2022,228882,228677,228653,24,178,0,0,0,178,0,0,,0,,0,0,0,0,0,0,0,0,,0,0,27,27
Jul-2022,257197,254283,254087,196,2886,0,0,0,150,0,0,,0,,0,0,0,0,0,0,2736,0,,0,0,27,27
Aug-2022,235884,232808,232632,176,3052,0,0,0,190,0,0,,0,,0,0,0,0,0,0,2862,0,,0,0,24,24
Sep-2022,233927,233738,233605,133,160,0,0,0,160,0,0,,0,,0,0,0,0,0,0,0,0,,0,0,29,29
Oct-2022,239507,239263,239239,24,208,0,0,0,208,0,0,,0,,0,0,0,0,0,0,0,0,,0,0,36,36
Nov-2022,246201,244760,244738,22,1395,0,0,0,180,0,0,,0,,0,0,0,0,0,0,1216,0,,0,0,29,29
Dec-2022,292940,289926,289780,146,2983,0,0,0,173,0,0,,0,,0,0,0,0,0,0,2810,0,,0,0,31,31
Jan-2023,275230,272526,272379,147,2663,0,0,0,76,0,0,,0,1259,0,0,0,0,0,0,1329,0,,0,0,40,40
Feb-2023,243931,239838,239221,617,4057,0,0,0,64,0,0,,0,,0,0,0,0,0,0,3992,0,,0,0,36,36
Mar-2023,249519,248119,248095,24,1358,0,0,0,34,0,0,,0,,0,0,0,0,0,0,1324,0,,0,0,42,42
Apr-2023,220387,220149,220126,23,200,0,0,0,200,0,0,,0,,0,0,0,0,0,0,0,0,,0,0,39,39
May-2023,216145,214490,214467,23,1621,0,0,0,251,0,0,,0,,0,0,0,0,0,0,1370,0,,0,0,34,34
Jun-2023,231555,231264,231243,21,267,0,0,0,267,0,0,,0,,0,0,0,0,0,0,0,0,,0,0,23,23
Jul-2023,256093,254572,254550,22,1501,0,0,0,244,0,0,,0,,0,0,0,0,0,0,1257,0,,0,0,20,20
Aug-2023,246435,246160,246138,22,261,0,0,0,261,0,0,,0,,0,0,0,0,0,0,0,0,,0,0,14,14
Sep-2023,230008,229808,229786,21,178,0,0,0,178,0,0,,0,,0,0,0,0,0,0,0,0,,0,0,23,23
Oct-2023,230969,230723,230700,23,221,0,0,0,221,0,0,,0,,0,0,0,0,0,0,0,0,,0,0,26,26
Nov-2023,251042,250869,250849,21,152,0,0,0,152,0,0,,0,,0,0,0,0,0,0,0,0,,0,0,21,21
Dec-2023,276860,274071,274049,22,2761,0,0,0,104,0,0,,0,,0,0,0,0,0,0,2657,0,,0,0,28,28
Jan-2024,322997,318619,318596,23,4339,0,0,0,111,0,0,,0,,0,0,2937,0,0,0,1291,0,,0,0,39,39
Feb-2024,258290,255492,255471,20,2763,0,0,0,143,0,0,,0,,0,0,0,0,0,0,2620,0,,0,0,35,35
Mar-2024,243413,238691,238671,21,4692,0,0,0,70,0,0,,0,,0,0,0,0,0,0,4622,0,,0,0,30,30
Apr-2024,221912,221836,221816,20,45,0,0,0,45,0,0,,0,,0,0,0,0,0,0,0,0,,0,0,32,32
May-2024,238470,238416,238395,20,29,0,0,0,29,0,0,,0,,0,0,0,0,0,0,0,0,,0,0,26,26
Jun-2024,246747,246700,246680,20,28,0,0,0,28,0,0,,0,,0,0,0,0,0,0,0,0,,0,0,19,19
Jul-2024,271444,271374,271353,21,49,0,0,0,49,0,0,,0,,0,0,0,0,0,0,0,0,,0,0,21,21
Aug-2024,260900,260825,260746,79,65,0,0,0,65,0,0,,0,,0,0,0,0,0,0,0,0,,0,0,11,11
