Back to Contents,Data 1: Total Underground Storage,,,,,
Sourcekey,N5030US2,N5010US2,N5020US2,N5070US2,N5050US2,N5060US2
Date,U.S. Natural Gas Underground Storage Volume (MMcf),U.S. Total Natural Gas in Underground Storage (Base Gas) (MMcf),U.S. Total Natural Gas in Underground Storage (Working Gas) (MMcf),U.S. Natural Gas Underground Storage Net Withdrawals (MMcf),U.S. Total Natural Gas Injections into Underground Storage (MMcf),U.S. Natural  Gas Underground Storage Withdrawals (MMcf)
Jan-1973,,,,,,
Feb-1973,,,,,,
Mar-1973,,,,,,
Apr-1973,,,,,,
May-1973,,,,,,
Jun-1973,,,,,,
Jul-1973,,,,,,
Aug-1973,,,,,,
Sep-1973,,,,,,
Oct-1973,,,,,,
Nov-1973,,,,,,
Dec-1973,4898000,2864000,2034000,,,
Jan-1974,,,,,,
Feb-1974,,,,,,
Mar-1974,,,,,,
Apr-1974,,,,,,
May-1974,,,,,,
Jun-1974,,,,,,
Jul-1974,,,,,,
Aug-1974,,,,,,
Sep-1974,,,,,,
Oct-1974,5445000,3042000,2403000,,,
Nov-1974,,,,,,
Dec-1974,4962000,2912000,2050000,,,
Jan-1975,,,,,,
Feb-1975,,,,,,
Mar-1975,,,,,,
Apr-1975,,,,,,
May-1975,,,,,,
Jun-1975,,,,,,
Jul-1975,,,,,,
Aug-1975,,,,,,
Sep-1975,5553000,3085000,2468000,-189000,220000,31000
Oct-1975,5706000,3107000,2599000,-139000,190000,51000
Nov-1975,5691000,3150000,2541000,48000,98000,146000
Dec-1975,5374000,3162000,2212000,333000,38000,371000
Jan-1976,4817000,3169000,1648000,472000,15000,487000
Feb-1976,4617000,3173000,1444000,186000,59000,245000
Mar-1976,4496000,3170000,1326000,114000,71000,185000
Apr-1976,4607000,3184000,1423000,-97000,166000,69000
May-1976,4827000,3190000,1637000,-198000,220000,22000
Jun-1976,5116000,3208000,1908000,-248000,273000,25000
Jul-1976,5412000,3220000,2192000,-265000,271000,6000
Aug-1976,5698000,3251000,2447000,-252000,268000,16000
Sep-1976,5946000,3296000,2650000,-213000,233000,20000
Oct-1976,5966000,3302000,2664000,-14000,121000,107000
Nov-1976,5713000,3305000,2408000,234000,36000,270000
Dec-1976,5250000,3323000,1926000,447000,21000,468000
Jan-1977,4580000,3293000,1287000,647000,17000,664000
Feb-1977,4446000,3283000,1163000,136000,97000,233000
Mar-1977,4501000,3286000,1215000,-50000,181000,131000
Apr-1977,4713000,3286000,1427000,-204000,247000,43000
May-1977,5024000,3293000,1731000,-301000,318000,17000
Jun-1977,5330000,3300000,2030000,-294000,306000,12000
Jul-1977,5665000,3317000,2348000,-321000,336000,15000
Aug-1977,5945000,3346000,2599000,-259000,280000,21000
Sep-1977,6188000,3364000,2824000,-251000,253000,2000
Oct-1977,6302000,3373000,2929000,-108000,152000,44000
Nov-1977,6224000,3403000,2821000,77000,81000,158000
Dec-1977,5866000,3391000,2475000,372000,40000,412000
Jan-1978,5193000,3374000,1819000,641000,21000,662000
Feb-1978,4683000,3373000,1310000,505000,21000,526000
Mar-1978,4497000,3374000,1123000,186000,90000,276000
Apr-1978,4608000,3377000,1231000,-108000,175000,67000
May-1978,4870000,3379000,1491000,-255000,285000,30000
Jun-1978,5217000,3381000,1836000,-339000,357000,18000
Jul-1978,5550000,3386000,2164000,-325000,341000,16000
Aug-1978,5904000,3403000,2501000,-339000,351000,12000
Sep-1978,6224000,3411000,2813000,-313000,322000,9000
Oct-1978,6402000,3444000,2958000,-176000,204000,28000
Nov-1978,6352000,3425000,2927000,54000,80000,134000
Dec-1978,6020000,3473000,2547000,349000,32000,381000
Jan-1979,5348000,3458000,1890000,655000,20000,675000
Feb-1979,4806000,3457000,1349000,546000,22000,568000
Mar-1979,4695000,3459000,1236000,116000,90000,206000
Apr-1979,4762000,3427000,1335000,-102000,175000,73000
May-1979,5057000,3438000,1619000,-284000,297000,13000
Jun-1979,5399000,3449000,1950000,-329000,337000,8000
Jul-1979,5743000,3459000,2284000,-329000,348000,19000
Aug-1979,6095000,3467000,2628000,-336000,348000,12000
Sep-1979,6401000,3481000,2920000,-300000,314000,14000
Oct-1979,6563000,3484000,3079000,-155000,189000,34000
Nov-1979,6541000,3496000,3045000,28000,104000,132000
Dec-1979,6306000,3553000,2753000,242000,51000,293000
Jan-1980,5873000,3549000,2324000,403000,21000,424000
Feb-1980,5402000,3550000,1852000,427000,24000,451000
Mar-1980,5150000,3556000,1594000,224000,59000,283000
Apr-1980,5275000,3584000,1691000,-102000,167000,65000
May-1980,5588000,3590000,1998000,-289000,298000,9000
Jun-1980,5895000,3596000,2299000,-278000,293000,14000
Jul-1980,6187000,3600000,2587000,-267000,286000,19000
Aug-1980,6462000,3608000,2854000,-244000,273000,29000
Sep-1980,6712000,3613000,3099000,-229000,240000,11000
Oct-1980,6806000,3619000,3187000,-91000,138000,47000
Nov-1980,6663000,3637000,3026000,123000,65000,188000
Dec-1980,6297000,3642000,2655000,337000,34000,371000
Jan-1981,5794000,3642000,2152000,521000,37000,558000
Feb-1981,5472000,3648000,1824000,317000,59000,376000
Mar-1981,5285000,3654000,1631000,179000,55000,234000
Apr-1981,5434000,3670000,1764000,-153000,208000,55000
May-1981,5661000,3684000,1977000,-228000,255000,26000
Jun-1981,5933000,3681000,2252000,-287000,314000,27000
Jul-1981,6257000,3699000,2558000,-309000,335000,26000
Aug-1981,6595000,3713000,2882000,-346000,361000,15000
Sep-1981,6872000,3720000,3152000,-277000,287000,9000
Oct-1981,6974000,3726000,3248000,-104000,155000,50000
Nov-1981,6932000,3731000,3201000,44000,80000,124000
Dec-1981,6569000,3752000,2817000,353000,34000,387000
Jan-1982,5933000,3751000,2182000,649000,24000,673000
Feb-1982,5537000,3750000,1787000,396000,50000,446000
Mar-1982,5370000,3766000,1604000,176000,88000,265000
Apr-1982,5454000,3778000,1676000,-73000,180000,108000
May-1982,5814000,3780000,2034000,-371000,382000,11000
Jun-1982,6147000,3778000,2369000,-342000,353000,11000
Jul-1982,6484000,3780000,2704000,-339000,351000,12000
Aug-1982,6779000,3781000,2998000,-298000,332000,35000
Sep-1982,7033000,3782000,3251000,-257000,277000,20000
Oct-1982,7149000,3785000,3364000,-131000,191000,60000
Nov-1982,7081000,3772000,3309000,80000,83000,163000
Dec-1982,6879000,3808000,3071000,204000,86000,289000
Jan-1983,6457000,3813000,2644000,424000,24000,449000
Feb-1983,6167000,3811000,2356000,289000,36000,325000
Mar-1983,5960000,3812000,2148000,207000,59000,266000
Apr-1983,5892000,3818000,2074000,78000,82000,160000
May-1983,6040000,3818000,2222000,-151000,191000,40000
Jun-1983,6273000,3819000,2454000,-234000,255000,22000
Jul-1983,6522000,3826000,2696000,-243000,268000,25000
Aug-1983,6731000,3823000,2908000,-212000,247000,35000
Sep-1983,6964000,3823000,3141000,-232000,258000,26000
Oct-1983,7095000,3825000,3270000,-131000,171000,40000
Nov-1983,7016000,3841000,3175000,78000,80000,158000
Dec-1983,6442000,3847000,2595000,567000,29000,597000
Jan-1984,5938000,3847000,2091000,517000,54000,571000
Feb-1984,5704000,3828000,1876000,244000,60000,305000
Mar-1984,5396000,3824000,1572000,317000,48000,365000
Apr-1984,5442000,3822000,1620000,-44000,144000,100000
May-1984,5670000,3827000,1843000,-224000,254000,30000
Jun-1984,5969000,3828000,2141000,-296000,323000,27000
Jul-1984,6285000,3829000,2456000,-317000,346000,28000
Aug-1984,6569000,3829000,2740000,-288000,318000,30000
Sep-1984,6825000,3829000,2996000,-259000,289000,30000
Oct-1984,7012000,3837000,3175000,-195000,242000,47000
Nov-1984,6915000,3900000,3015000,145000,83000,227000
Dec-1984,6706000,3830000,2876000,213000,92000,304000
Jan-1985,6083000,3841000,2242000,610000,32000,642000
Feb-1985,5694000,3841000,1853000,391000,47000,438000
Mar-1985,5578000,3835000,1743000,119000,98000,217000
Apr-1985,5690000,3831000,1859000,-113000,204000,91000
May-1985,5966000,3837000,2129000,-272000,294000,23000
Jun-1985,6190000,3839000,2351000,-221000,252000,31000
Jul-1985,6454000,3849000,2605000,-263000,309000,45000
Aug-1985,6681000,3849000,2832000,-228000,278000,50000
Sep-1985,6930000,3849000,3081000,-253000,272000,20000
Oct-1985,7055000,3851000,3204000,-128000,199000,71000
Nov-1985,6933000,3847000,3086000,103000,99000,202000
Dec-1985,6448000,3842000,2607000,485000,44000,529000
Jan-1986,6055000,3842000,2213000,366000,48000,414000
Feb-1986,5714000,3842000,1872000,315000,54000,369000
Mar-1986,5602000,3838000,1764000,104000,109000,213000
Apr-1986,5675000,3834000,1841000,-67000,140000,73000
May-1986,5906000,3830000,2076000,-213000,255000,42000
Jun-1986,6152000,3829000,2323000,-231000,255000,24000
Jul-1986,6411000,3841000,2570000,-245000,274000,29000
Aug-1986,6682000,3840000,2842000,-253000,279000,26000
Sep-1986,6906000,3840000,3066000,-215000,239000,25000
Oct-1986,7048000,3840000,3208000,-141000,189000,48000
Nov-1986,6897000,3820000,3077000,123000,74000,197000
Dec-1986,6567000,3819000,2749000,316000,36000,352000
Jan-1987,6098000,3818000,2280000,475000,38000,513000
Feb-1987,5803000,3815000,1988000,285000,35000,320000
Mar-1987,5692000,3813000,1879000,105000,105000,210000
Apr-1987,5750000,3812000,1938000,-62000,163000,101000
May-1987,6017000,3811000,2206000,-265000,293000,28000
Jun-1987,6247000,3810000,2437000,-227000,248000,21000
Jul-1987,6449000,3813000,2636000,-199000,226000,27000
Aug-1987,6649000,3813000,2836000,-198000,241000,43000
Sep-1987,6862000,3813000,3049000,-209000,227000,19000
Oct-1987,6919000,3813000,3106000,-60000,146000,86000
Nov-1987,6851000,3792000,3059000,48000,105000,153000
Dec-1987,6548000,3792000,2756000,300000,59000,359000
Jan-1988,6020000,3792000,2228000,531000,47000,578000
Feb-1988,5618000,3791000,1827000,406000,50000,456000
Mar-1988,5472000,3790000,1682000,156000,99000,255000
Apr-1988,5559000,3790000,1769000,-71000,162000,92000
May-1988,5817000,3790000,2027000,-236000,282000,46000
Jun-1988,6085000,3792000,2293000,-238000,274000,36000
Jul-1988,6360000,3793000,2567000,-252000,294000,42000
Aug-1988,6626000,3791000,2835000,-230000,282000,52000
Sep-1988,6911000,3791000,3120000,-262000,308000,46000
Oct-1988,7035000,3792000,3243000,-105000,198000,92000
Nov-1988,6974000,3803000,3171000,40000,117000,157000
Dec-1988,6650000,3800000,2850000,329000,62000,391000
Jan-1989,6307000,3798000,2509000,365000,53000,418000
Feb-1989,5795000,3801000,1994000,570000,32000,602000
Mar-1989,5577000,3801000,1776000,256000,106000,362000
Apr-1989,5624000,3801000,1823000,-42000,180000,138000
May-1989,5864000,3802000,2062000,-277000,321000,44000
Jun-1989,6176000,3802000,2374000,-354000,374000,20000
Jul-1989,6446000,3802000,2644000,-341000,371000,29000
Aug-1989,6740000,3802000,2938000,-328000,356000,29000
Sep-1989,6989000,3802000,3187000,-281000,320000,39000
Oct-1989,7060000,3792000,3268000,-124000,221000,96000
Nov-1989,7008000,3809000,3199000,118000,105000,223000
Dec-1989,6325000,3812000,2513000,752000,52000,805000
Jan-1990,6088000,3818000,2270000,249000,93000,342000
Feb-1990,5818000,3814000,2004000,262000,70000,332000
Mar-1990,5693000,3818000,1875000,133000,125000,258000
Apr-1990,5785000,3839000,1946000,-50000,188000,138000
May-1990,6003000,3823000,2180000,-250000,293000,43000
Jun-1990,6329000,3844000,2485000,-284000,324000,40000
Jul-1990,6641000,3850000,2791000,-300000,326000,26000
Aug-1990,6922000,3851000,3071000,-279000,318000,39000
Sep-1990,7173000,3852000,3321000,-249000,284000,35000
Oct-1990,7319000,3852000,3467000,-146000,209000,63000
Nov-1990,7340000,3868000,3472000,11000,134000,145000
Dec-1990,6936000,3868000,3068000,404000,69000,473000
Jan-1991,6272921,3910940,2361980,544659,114877,659536
Feb-1991,5971677,3908322,2063355,284838,112436,397274
Mar-1991,5806287,3894578,1911709,161742,128809,290550
Apr-1991,5934568,3897926,2036642,-124345,228477,104133
May-1991,6203826,3931016,2272809,-260688,319065,58377
Jun-1991,6492087,3939178,2552910,-272052,313742,41690
Jul-1991,6713498,3942418,2771080,-214221,289514,75293
Aug-1991,6927078,3948585,2978493,-199864,281624,81761
Sep-1991,7150883,3949504,3201378,-216387,293988,77602
Oct-1991,7330028,3961212,3368816,-147908,251020,103112
Nov-1991,7099578,3951723,3147855,201590,150251,351841
Dec-1991,6777679,3954138,2823542,322991,124570,447561
Jan-1992,6276887,4061231,2215656,523770,67560,591331
Feb-1992,5894426,4056937,1837489,388858,52259,441117
Mar-1992,5591063,4046437,1544626,300570,80919,381489
Apr-1992,5610974,4037820,1573153,-17528,167382,149854
May-1992,5892327,4044180,1848147,-277127,329676,52549
Jun-1992,6202810,4050132,2152679,-322935,366293,43358
Jul-1992,6524180,4064377,2459804,-306761,356854,50093
Aug-1992,6822936,4061726,2761211,-309424,363813,54388
Sep-1992,7104964,4060894,3044070,-297793,346102,48310
Oct-1992,7288033,4064816,3223217,-185819,264171,78352
Nov-1992,7114518,4060665,3053853,181199,94981,276181
Dec-1992,6640542,4043744,2596797,491369,65382,556751
Jan-1993,6085037,4258528,1826510,555322,36692,592014
Feb-1993,5533344,4230624,1302720,547074,22020,569094
Mar-1993,5232728,4203914,1028814,303931,79017,382947
Apr-1993,5339555,4219170,1120385,-109009,212059,103050
May-1993,5764643,4243715,1520927,-426054,456000,29945
Jun-1993,6151310,4256782,1894528,-374365,410193,35828
Jul-1993,6496755,4256419,2240336,-350169,385078,34909
Aug-1993,6817410,4263251,2554159,-318579,363861,45282
Sep-1993,7139510,4255631,2883878,-352704,378308,25604
Oct-1993,7292479,4314508,2977971,-153428,256493,103065
Nov-1993,7088220,4325991,2762230,196712,106322,303034
Dec-1993,6649086,4327306,2321780,438597,53696,492292
Jan-1994,5927088,4347706,1579382,757714,34566,792280
Feb-1994,5427691,4337097,1090594,517384,49734,567118
Mar-1994,5300726,4342869,957857,134674,105507,240181
Apr-1994,5516706,4344856,1171850,-217918,285753,67836
May-1994,5906027,4351658,1554369,-402680,427442,24762
Jun-1994,6248132,4351712,1896420,-343917,381023,37106
Jul-1994,6628655,4355208,2273447,-384389,410433,26044
Aug-1994,6961419,4354832,2606586,-342748,372511,29763
Sep-1994,7265525,4353439,2912086,-324170,345487,21317
Oct-1994,7429148,4354300,3074847,-170256,224188,53932
Nov-1994,7331015,4353334,2977681,99102,105304,204406
Dec-1994,6966148,4360092,2606056,389075,54331,443406
Jan-1995,6410498,4365217,2045280,599153,44584,643737
Feb-1995,5909701,4368033,1541669,519500,44053,563553
Mar-1995,5693720,4361899,1331821,222612,104256,326868
Apr-1995,5739734,4360454,1379280,-49401,176530,127129
May-1995,6061254,4392916,1668338,-335260,369368,34108
Jun-1995,6419695,4405679,2014016,-370592,410289,39697
Jul-1995,6641015,4339723,2301292,-305827,359397,53570
Aug-1995,6834120,4339449,2494671,-206873,292773,85900
Sep-1995,7142992,4340773,2802218,-313356,342729,29373
Oct-1995,7333726,4337697,2996028,-205344,273500,68156
Nov-1995,7070062,4341580,2728482,271826,95656,367482
Dec-1995,6502507,4349234,2153273,581782,52747,634529
Jan-1996,5816718,4354249,1462468,699748,49484,749232
Feb-1996,5369325,4348742,1020582,446941,96640,543580
Mar-1996,5048352,4290358,757995,322623,80388,403011
Apr-1996,5166341,4312380,853961,-114544,226827,112283
May-1996,5492714,4331600,1161115,-327768,373176,45408
Jun-1996,5869891,4340766,1529125,-375133,410086,34953
Jul-1996,6233501,4335852,1897649,-369504,418055,48551
Aug-1996,6576643,4332139,2244504,-345894,400295,54401
Sep-1996,6942603,4337622,2604981,-366042,398286,32244
Oct-1996,7145456,4334981,2810476,-202675,275769,73094
Nov-1996,6888617,4339479,2549137,263567,90236,353803
Dec-1996,6513261,4340710,2172551,374417,86350,460768
Jan-1997,5843054,4347491,1495563,684252,68367,752618
Feb-1997,5481074,4341652,1139422,358466,54871,413337
Mar-1997,5335550,4345117,990433,154718,130572,285290
Apr-1997,5393231,4341996,1051235,-58694,205117,146424
May-1997,5704423,4339626,1364797,-321030,362199,41169
Jun-1997,6087891,4356758,1731133,-365130,407266,42136
Jul-1997,6372309,4355773,2016537,-282389,360678,78290
Aug-1997,6694744,4356832,2337912,-322196,378487,56291
Sep-1997,7032532,4360223,2672309,-336341,379959,43618
Oct-1997,7244192,4358415,2885777,-210121,294383,84262
Nov-1997,7058164,4359278,2698886,188941,112912,301853
Dec-1997,6524603,4350083,2174520,533474,45482,578956
Jan-1998,6059533,4347419,1712114,468371,69328,537700
Feb-1998,5768168,4341968,1426200,290679,74505,365184
Mar-1998,5524413,4341567,1182845,245667,136079,381746
Apr-1998,5725086,4338986,1386101,-200234,279812,79578
May-1998,6114204,4340664,1773540,-390552,432975,42423
Jun-1998,6448734,4335164,2113570,-326636,379110,52474
Jul-1998,6806057,4378190,2427867,-317056,371479,54423
Aug-1998,7037836,4339802,2698034,-277684,335974,58290
Sep-1998,7268592,4340842,2927750,-224007,297758,73751
Oct-1998,7533283,4342027,3191256,-261799,308064,46265
Nov-1998,7498618,4343655,3154963,31200,137001,168200
Dec-1998,7055564,4325860,2729704,435953,82670,518623
Jan-1999,6404470,4331641,2072829,623676,58085,681761
Feb-1999,6074901,4329220,1745681,321378,63242,384620
Mar-1999,5788960,4383145,1405815,297241,86571,383812
Apr-1999,5876197,4380923,1495274,-90142,209910,119768
May-1999,6206150,4371472,1834678,-336560,381067,44507
Jun-1999,6519178,4369908,2149270,-307395,349010,41615
Jul-1999,6749210,4370068,2379142,-217488,298078,80590
Aug-1999,6978115,4367918,2610196,-221395,311270,89875
Sep-1999,7292291,4369429,2922862,-315007,357521,42513
Oct-1999,7443251,4369806,3073445,-155137,247237,92100
Nov-1999,7444913,4379525,3065388,32174,172665,204839
Dec-1999,6906222,4383036,2523186,542681,62854,605535
Jan-2000,6139305,4378838,1760467,782064,59132,841196
Feb-2000,5681255,4377691,1303564,450364,82916,533280
Mar-2000,5516786,4363567,1153219,152111,139272,291383
Apr-2000,5564588,4362070,1202518,-45702,191789,146087
May-2000,5795357,4362257,1433100,-231195,312860,81665
Jun-2000,6078632,4361325,1717307,-284459,348994,64535
Jul-2000,6364523,4361825,2002698,-289278,372132,82854
Aug-2000,6560205,4361209,2198996,-196014,304598,108584
Sep-2000,6854681,4360389,2494292,-290675,370425,79749
Oct-2000,7091843,4359576,2732267,-241349,328889,87540
Nov-2000,6803053,4360859,2442194,288299,107538,395838
Dec-2000,6071016,4352091,1718926,719754,65739,785493
Jan-2001,5609446,4343950,1265496,495576,92052,587628
Feb-2001,5240820,4328455,912366,339432,74102,413534
Mar-2001,5041971,4300420,741551,182681,115765,298446
Apr-2001,5252851,4260588,992263,-279050,348952,69902
May-2001,5749464,4309369,1440096,-479091,519753,40662
Jun-2001,6192512,4310080,1882431,-440851,490236,49385
Jul-2001,6576075,4315312,2260763,-384901,450907,66006
Aug-2001,6888848,4313050,2575798,-307170,386298,79128
Sep-2001,7261934,4317667,2944267,-371933,413221,41288
Oct-2001,7453778,4309807,3143972,-189516,282339,92822
Nov-2001,7554750,4300650,3254099,-72614,210453,137839
Dec-2001,7204251,4300737,2903514,351862,80185,432047
Jan-2002,6657016,4313154,2343861,546498,59478,605976
Feb-2002,6193791,4355926,1837865,464117,55460,519577
Mar-2002,5872829,4355035,1517794,320090,107774,427864
Apr-2002,6013613,4355071,1658541,-125786,238090,112304
May-2002,6329453,4361328,1968125,-321581,381221,59640
Jun-2002,6663387,4355213,2308175,-341023,397475,56451
Jul-2002,6896201,4357567,2538634,-241508,342798,101290
Aug-2002,7130055,4356676,2773379,-235830,325336,89506
Sep-2002,7384108,4342469,3041639,-268743,339756,71013
Oct-2002,7457920,4342017,3115902,-86942,232180,145238
Nov-2002,7272705,4344078,2928627,198076,123890,321966
Dec-2002,6715467,4340234,2375233,560454,66387,626841
Jan-2003,5865966,4343648,1522318,839563,44382,883945
Feb-2003,5187077,4336577,850501,677032,47449,724482
Mar-2003,5055702,4325647,730055,135345,170794,306139
Apr-2003,5210476,4317155,893321,-157700,277066,119366
May-2003,5621675,4324112,1297563,-411951,452550,40598
Jun-2003,6090298,4325116,1765182,-469296,505154,35857
Jul-2003,6450716,4324829,2125887,-361389,425604,64215
Aug-2003,6762507,4326761,2435746,-310470,372260,61790
Sep-2003,7173311,4328035,2845276,-411056,441612,30556
Oct-2003,7456712,4326501,3130211,-284134,343491,59357
Nov-2003,7341444,4303488,3037956,86599,141567,228166
Dec-2003,6865772,4303153,2562619,474477,69785,544262
Jan-2004,6051839,4300796,1751044,815333,59591,874924
Feb-2004,5452307,4296549,1155757,602529,47860,650388
Mar-2004,5341885,4283474,1058411,103770,167946,271716
Apr-2004,5535291,4282836,1252455,-203058,298528,95471
May-2004,5910982,4287223,1623759,-381824,425086,43263
Jun-2004,6307379,4284444,2022935,-399756,435794,36037
Jul-2004,6681153,4286584,2394569,-364361,424224,59863
Aug-2004,7004573,4261959,2742614,-347766,404990,57225
Sep-2004,7310455,4253905,3056550,-325388,392675,67287
Oct-2004,7548214,4245979,3302235,-247256,309909,62653
Nov-2004,7479367,4234821,3244547,63691,128196,191886
Dec-2004,6897200,4201124,2696075,570648,55204,625852
Jan-2005,6199291,4205348,1993943,712966,58485,771451
Feb-2005,5768939,4204477,1564462,428561,58897,487458
Mar-2005,5484332,4199962,1284370,284927,99852,384780
Apr-2005,5699060,4200417,1498643,-215869,287839,71971
May-2005,6075521,4200370,1875151,-382780,439385,56604
Jun-2005,6398738,4201247,2197491,-324321,390091,65769
Jul-2005,6653209,4203040,2450169,-256237,351375,95138
Aug-2005,6865103,4202842,2662261,-214188,314283,100094
Sep-2005,7136424,4204726,2931698,-272538,359331,86793
Oct-2005,7400321,4206218,3194104,-265991,339914,73924
Nov-2005,7398295,4209135,3189160,8401,203449,211850
Dec-2005,6835374,4200014,2635360,552086,98681,650767
Jan-2006,6573119,4202072,2371047,263885,109640,373525
Feb-2006,6088735,4202495,1886240,485138,54070,539208
Mar-2006,5888675,4196938,1691737,199973,131224,331197
Apr-2006,6143320,4198044,1945276,-255039,331562,76524
May-2006,6511653,4201709,2309943,-367417,419760,52343
Jun-2006,6831985,4215338,2616647,-311050,372977,61927
Jul-2006,6993053,4213841,2779211,-160582,304664,144082
Aug-2006,7181966,4212743,2969223,-188747,301606,112859
Sep-2006,7538548,4215370,3323178,-357600,394576,36976
Oct-2006,7669209,4216968,3452241,-131034,246184,115149
Nov-2006,7622511,4215859,3406652,47587,158617,206204
Dec-2006,7280906,4210950,3069956,343499,99368,442868
Jan-2007,6599227,4216333,2382895,683254,56863,740117
Feb-2007,5867298,4215728,1651569,731856,50536,782391
Mar-2007,5849891,4246889,1603002,50413,219347,269760
Apr-2007,5968611,4245870,1722741,-119718,273492,153774
May-2007,6431710,4250470,2181239,-459540,497741,38201
Jun-2007,6813786,4231002,2582784,-389468,436633,47166
Jul-2007,7123259,4227004,2896255,-313605,397159,83554
Aug-2007,7250170,4229371,3020799,-126643,293738,167095
Sep-2007,7548786,4233352,3315434,-298191,371266,73075
Oct-2007,7803634,4238254,3565380,-256539,331895,75355
Nov-2007,7680213,4238181,3442033,121316,140775,262091
Dec-2007,7113475,4234216,2879259,568959,63475,632434
Jan-2008,6288037,4232156,2055881,823619,67359,890978
Feb-2008,5686255,4221565,1464690,592564,55775,648340
Mar-2008,5486589,4220523,1266066,219472,130513,349985
Apr-2008,5658650,4222248,1436402,-190388,295897,105508
May-2008,6064975,4225431,1839543,-404655,460684,56029
Jun-2008,6407107,4229559,2177548,-342397,422926,80529
Jul-2008,6745390,4228367,2517023,-341639,430005,88366
Aug-2008,7093832,4227668,2866164,-350013,442234,92221
Sep-2008,7390883,4229964,3160918,-300380,398325,97945
Oct-2008,7634355,4234974,3399381,-242449,333892,91443
Nov-2008,7577456,4231545,3345911,57258,193236,250495
Dec-2008,7072657,4232293,2840363,512979,109519,622499
Jan-2009,6370028,4236795,2133233,705058,78234,783292
Feb-2009,6000888,4242866,1758022,371564,99949,471513
Mar-2009,5907540,4247894,1659646,92806,201681,294397
Apr-2009,6165074,4255159,1909916,-250807,356454,105648
May-2009,6632164,4257355,2374809,-466975,512359,45384
Jun-2009,7028031,4267898,2760133,-385634,448064,62430
Jul-2009,7353504,4263199,3090305,-338198,420802,82604
Aug-2009,7626392,4267274,3359118,-274367,362273,87907
Sep-2009,7921596,4275618,3645978,-295161,351897,56736
Oct-2009,8091168,4281301,3809867,-167386,266173,98787
Nov-2009,8124989,4287564,3837424,-33465,173011,139546
Dec-2009,7406742,4276666,3130076,693844,44093,737937
Jan-2010,6579900,4276043,2303858,810845,62623,873468
Feb-2010,5960953,4277619,1683334,619470,37714,657184
Mar-2010,5929914,4277501,1652413,30856,206713,237569
Apr-2010,6289473,4278372,2011101,-359501,427432,67931
May-2010,6698983,4279323,2419660,-410288,462812,52524
Jun-2010,7026700,4286643,2740056,-321238,384815,63577
Jul-2010,7253018,4287238,2965780,-226665,339158,112493
Aug-2010,7442861,4290100,3152761,-185781,323214,137433
Sep-2010,7801450,4293804,3507646,-358602,410927,52326
Oct-2010,8155699,4305058,3850641,-355316,407472,52156
Nov-2010,8078136,4309231,3768905,74025,162517,236543
Dec-2010,7412447,4301362,3111085,665184,65997,731181
Jan-2011,6608635,4302792,2305843,798985,50130,849115
Feb-2011,6024215,4302341,1721875,584421,81827,666248
Mar-2011,5879115,4302108,1577007,146319,167632,313952
Apr-2011,6092050,4303570,1788480,-212194,312290,100096
May-2011,6491219,4304364,2186855,-399411,457725,58314
Jun-2011,6831426,4301779,2529647,-340172,420644,80472
Jul-2011,7075486,4300139,2775346,-243618,359267,115649
Aug-2011,7319424,4300269,3019155,-244191,370180,125989
Sep-2011,7716989,4301291,3415698,-398130,453548,55418
Oct-2011,8105566,4301737,3803828,-385221,436748,51527
Nov-2011,8142609,4299727,3842882,-37590,221389,183799
Dec-2011,7763772,4301752,3462021,383241,90432,473674
Jan-2012,7219136,4309129,2910007,544477,74854,619332
Feb-2012,6758315,4309505,2448810,459574,56243,515817
Mar-2012,6794584,4321454,2473130,-34987,240351,205365
Apr-2012,6936421,4325195,2611226,-137493,263896,126403
May-2012,7219444,4332383,2887060,-284231,357965,73735
Jun-2012,7453546,4338100,3115447,-232226,323026,90800
Jul-2012,7588106,4342905,3245201,-134343,263910,129567
Aug-2012,7753994,4347859,3406134,-165879,299798,133919
Sep-2012,8044851,4351797,3693053,-290456,357109,66652
Oct-2012,8294299,4365049,3929250,-241849,327767,85918
Nov-2012,8171574,4372359,3799215,125379,155554,280933
Dec-2012,7785322,4372412,3412910,384754,104953,489707
Jan-2013,7076700,4377473,2699227,721307,71973,793280
Feb-2013,6483370,4384016,2099354,603910,44113,648024
Mar-2013,6102195,4382350,1719845,380023,102520,482543
Apr-2013,6236406,4381218,1855188,-136833,272168,135335
May-2013,6654641,4385077,2269564,-418868,467693,48824
Jun-2013,7027246,4384597,2642648,-371868,440521,68653
Jul-2013,7302175,4365315,2936860,-274716,373448,98733
Aug-2013,7574293,4362286,3212006,-272026,373634,101608
Sep-2013,7927601,4363096,3564505,-354527,420833,66306
Oct-2013,8181397,4364401,3816996,-255621,339984,84363
Nov-2013,7970919,4365582,3605337,210832,155030,365862
Dec-2013,7255027,4365135,2889892,714235,93744,807979
Jan-2014,6288361,4363439,1924922,970569,68300,1038870
Feb-2014,5560214,4360226,1199987,728162,104374,832536
Mar-2014,5207298,4349988,857311,353454,134059,487513
Apr-2014,5423037,4356657,1066380,-217441,322912,105471
May-2014,5900837,4352892,1547944,-477641,528763,51122
Jun-2014,6363623,4358148,2005475,-462637,506389,43752
Jul-2014,6761254,4361280,2399974,-399503,462998,63495
Aug-2014,7134689,4366291,2768398,-373501,446869,73368
Sep-2014,7556106,4369090,3187016,-421532,468602,47070
Oct-2014,7954588,4367318,3587270,-400299,452353,52054
Nov-2014,7794338,4367469,3426869,161011,200392,361403
Dec-2014,7506012,4364790,3141222,286401,142813,429214
Jan-2015,6775582,4368461,2407122,725144,69913,795057
Feb-2015,6033940,4368391,1665549,741529,61773,803302
Mar-2015,5840840,4369363,1471476,193465,182080,375546
Apr-2015,6162227,4369141,1793086,-321286,404938,83652
May-2015,6658247,4371009,2287238,-496427,540872,44445
Jun-2015,7021808,4375275,2646533,-361564,430014,68449
Jul-2015,7304710,4380283,2924427,-284140,378806,94665
Aug-2015,7614026,4372395,3241632,-309162,394156,84994
Sep-2015,7987290,4373209,3614081,-372021,435394,63374
Oct-2015,8316026,4373747,3942279,-330832,400879,70047
Nov-2015,8303177,4376354,3926822,12306,201289,213595
Dec-2015,8038172,4371540,3666632,264337,138226,402564
Jan-2016,7307245,4369156,2938089,728666,66038,794704
Feb-2016,6903611,4369319,2534293,403091,111437,514528
Mar-2016,6846761,4360438,2486323,48583,215369,263952
Apr-2016,7009450,4363889,2645560,-164479,294423,129944
May-2016,7332475,4366209,2966266,-328551,402385,73834
Jun-2016,7554670,4368637,3186033,-222328,316418,94090
Jul-2016,7686988,4368849,3318139,-133067,283189,150122
Aug-2016,7810783,4369458,3441325,-123765,285482,161716
Sep-2016,8073906,4368744,3705161,-262387,350787,88399
Oct-2016,8384087,4371364,4012723,-308397,386636,78239
Nov-2016,8349053,4372472,3976581,35292,177903,213195
Dec-2016,7676680,4379736,3296944,675541,86656,762197
Jan-2017,7000061,4377902,2622159,674900,112505,787405
Feb-2017,6714640,4377309,2337331,284935,137031,421966
Mar-2017,6440293,4377788,2062505,274439,174880,449319
Apr-2017,6670165,4378915,2291250,-230167,352299,122132
May-2017,7011244,4384737,2626507,-340730,430352,89622
Jun-2017,7260702,4353894,2906809,-280799,385572,104773
Jul-2017,7409892,4355741,3054151,-149850,303380,153530
Aug-2017,7605198,4355301,3249896,-195625,353387,157763
Sep-2017,7922712,4355483,3567228,-316535,419311,102776
Oct-2017,8170238,4353741,3816497,-247451,378180,130729
Nov-2017,8062349,4353086,3709263,85980,199026,285005
Dec-2017,7392391,4359790,3032602,694748,90710,785458
Jan-2018,6497521,4356964,2140557,896054,140847,1036901
Feb-2018,6029758,4357095,1672663,466917,132512,599428
Mar-2018,5743374,4353094,1390280,285033,164116,449149
Apr-2018,5777258,4350458,1426800,-31771,255580,223809
May-2018,6199145,4351691,1847454,-423060,488969,65909
Jun-2018,6549065,4353838,2195227,-348552,436179,87627
Jul-2018,6735506,4354236,2381269,-186378,361544,175166
Aug-2018,6971846,4355005,2616841,-235365,407139,171775
Sep-2018,7306139,4355771,2950368,-334064,463813,129749
Oct-2018,7592871,4356617,3236255,-290522,421566,131043
Nov-2018,7386391,4356312,3030079,204881,213135,418016
Dec-2018,7068849,4360531,2708318,320339,190513,510852
Jan-2019,6360109,4366112,1993997,708614,95142,803756
Feb-2019,5792097,4365887,1426210,568145,104352,672497
Mar-2019,5545463,4360572,1184891,245243,189689,434932
Apr-2019,5926851,4367449,1559402,-382067,485598,103531
May-2019,6403000,4371969,2031031,-471898,556916,85019
Jun-2019,6835476,4374728,2460748,-431260,523071,91812
Jul-2019,7088570,4374373,2714197,-254094,415594,161500
Aug-2019,7374445,4376635,2997810,-285647,453252,167605
Sep-2019,7793013,4378074,3414939,-419150,528510,109361
Oct-2019,8140781,4378738,3762043,-345754,461419,115665
Nov-2019,7990012,4379982,3610029,149678,201178,350856
Dec-2019,7567872,4379628,3188243,418470,137798,556268
Jan-2020,6996576,4380400,2616176,570627,94440,665067
Feb-2020,6460075,4379192,2080883,535513,98895,634408
Mar-2020,6408672,4379312,2029360,49153,236339,285492
Apr-2020,6716451,4383957,2332493,-306179,436762,130583
May-2020,7164234,4386649,2777585,-448006,521993,73987
Jun-2020,7522519,4389423,3133096,-357949,442802,84854
Jul-2020,7683812,4390263,3293550,-161165,312200,151035
Aug-2020,7911918,4389701,3522216,-227495,401382,173887
Sep-2020,8228769,4388932,3839836,-323420,449590,126170
Oct-2020,8321354,4392850,3928504,-92406,283120,190714
Nov-2020,8325457,4393841,3931616,-3807,218129,214323
Dec-2020,7735441,4394460,3340981,587247,94139,681386
Jan-2021,7029355,4394388,2634968,707069,75824,782893
Feb-2021,6247914,4388696,1859218,781503,122356,903859
Mar-2021,6188885,4387660,1801225,59018,262155,321173
Apr-2021,6354456,4379423,1975034,-174319,347372,173053
May-2021,6771262,4381370,2389892,-416126,491679,75553
Jun-2021,7019066,4433940,2585126,-248102,387667,139565
Jul-2021,7188708,4433994,2754715,-169799,340972,171173
Aug-2021,7352117,4434849,2917268,-159265,345761,186495
Sep-2021,7742741,4436759,3305982,-390590,473433,82843
Oct-2021,8103211,4437826,3665385,-360804,451789,90985
Nov-2021,7971480,4438705,3532776,131953,188673,320626
Dec-2021,7647859,4437876,3209983,322647,190253,512900
Jan-2022,6653298,4437357,2215941,993756,75578,1069334
Feb-2022,5996508,4434489,1562019,658478,102251,760728
Mar-2022,5835467,4434002,1401466,163384,231081,394465
Apr-2022,6051522,4439756,1611766,-213755,354148,140392
May-2022,6443525,4441610,2001916,-403136,484564,81429
Jun-2022,6767938,4442616,2325322,-323613,437806,114193
Jul-2022,6949518,4444395,2505123,-180038,361690,181652
Aug-2022,7155194,4445772,2709422,-206224,382468,176244
Sep-2022,7590490,4444846,3145644,-435970,536066,100095
Oct-2022,8012493,4443108,3569385,-422224,510890,88666
Nov-2022,7943489,4442439,3501050,71752,261146,332898
Dec-2022,7376032,4450651,2925381,574409,160129,734538
Jan-2023,6921540,4451525,2470015,455630,153147,608777
Feb-2023,6522873,4450689,2072184,399179,130231,529410
Mar-2023,6299730,4449834,1849895,223658,170956,394613
Apr-2023,6568637,4452175,2116462,-268605,394981,126376
May-2023,7022119,4465638,2556481,-452208,533975,81767
Jun-2023,7365395,4463734,2901662,-343529,448254,104724
Jul-2023,7500112,4464915,3035197,-133525,319584,186058
Aug-2023,7631692,4463745,3167947,-132850,365360,232510
Sep-2023,7952495,4462663,3489832,-322862,478084,155222
Oct-2023,8272556,4463174,3809382,-321344,441936,120592
Nov-2023,8206286,4464040,3742245,64986,233132,298118
Dec-2023,7925423,4467942,3457481,283872,170376,454249
Jan-2024,7079004,4467640,2611364,844369,106471,950840
Feb-2024,6817491,4467813,2349679,262715,194882,457597
Mar-2024,6772922,4466868,2306055,46062,273544,319605
Apr-2024,7029542,4467095,2562447,-256014,411120,155106
May-2024,7392574,4469399,2923175,-362533,474619,112086
Jun-2024,7646136,4471178,3174958,-253559,381644,128085
Jul-2024,7766078,4472500,3293578,-119518,296151,176633
Aug-2024,7847536,4477316,3370220,-78624,322455,243831
